state_code,district_code,region_name,enumeration_code,floating_pop,subdistrict_code,village_code
35,0,ANDAMAN & NICOBAR ISLANDS,Total,9278,0,0
35,0,ANDAMAN & NICOBAR ISLANDS,Rural,6089,0,0
35,0,ANDAMAN & NICOBAR ISLANDS,Urban,3189,0,0
35,638,Nicobars,Total,1979,0,0
35,638,Nicobars,Rural,1979,0,0
35,638,Nicobars,Urban,0,0,0
35,639,North  & Middle Andaman,Total,2128,0,0
35,639,North  & Middle Andaman,Rural,2087,0,0
35,639,North  & Middle Andaman,Urban,41,0,0
35,640,South Andaman,Total,5171,0,0
35,640,South Andaman,Rural,2023,0,0
35,640,South Andaman,Urban,3148,0,0
28,0,ANDHRA PRADESH,Total,575555,0,0
28,0,ANDHRA PRADESH,Rural,287464,0,0
28,0,ANDHRA PRADESH,Urban,288091,0,0
28,532,Adilabad,Total,9215,0,0
28,532,Adilabad,Rural,4927,0,0
28,532,Adilabad,Urban,4288,0,0
28,533,Nizamabad,Total,10260,0,0
28,533,Nizamabad,Rural,7775,0,0
28,533,Nizamabad,Urban,2485,0,0
28,534,Karimnagar,Total,13178,0,0
28,534,Karimnagar,Rural,8795,0,0
28,534,Karimnagar,Urban,4383,0,0
28,535,Medak,Total,16812,0,0
28,535,Medak,Rural,9009,0,0
28,535,Medak,Urban,7803,0,0
28,536,Hyderabad,Total,32114,0,0
28,536,Hyderabad,Rural,0,0,0
28,536,Hyderabad,Urban,32114,0,0
28,537,Rangareddy,Total,63699,0,0
28,537,Rangareddy,Rural,11193,0,0
28,537,Rangareddy,Urban,52506,0,0
28,538,Mahbubnagar,Total,11963,0,0
28,538,Mahbubnagar,Rural,7486,0,0
28,538,Mahbubnagar,Urban,4477,0,0
28,539,Nalgonda,Total,22546,0,0
28,539,Nalgonda,Rural,13210,0,0
28,539,Nalgonda,Urban,9336,0,0
28,540,Warangal,Total,18463,0,0
28,540,Warangal,Rural,8366,0,0
28,540,Warangal,Urban,10097,0,0
28,541,Khammam,Total,22844,0,0
28,541,Khammam,Rural,15674,0,0
28,541,Khammam,Urban,7170,0,0
28,542,Srikakulam,Total,16850,0,0
28,542,Srikakulam,Rural,12744,0,0
28,542,Srikakulam,Urban,4106,0,0
28,543,Vizianagaram,Total,15747,0,0
28,543,Vizianagaram,Rural,10495,0,0
28,543,Vizianagaram,Urban,5252,0,0
28,544,Visakhapatnam,Total,31889,0,0
28,544,Visakhapatnam,Rural,13252,0,0
28,544,Visakhapatnam,Urban,18637,0,0
28,545,East Godavari,Total,34291,0,0
28,545,East Godavari,Rural,21747,0,0
28,545,East Godavari,Urban,12544,0,0
28,546,West Godavari,Total,29385,0,0
28,546,West Godavari,Rural,22002,0,0
28,546,West Godavari,Urban,7383,0,0
28,547,Krishna,Total,50518,0,0
28,547,Krishna,Rural,20933,0,0
28,547,Krishna,Urban,29585,0,0
28,548,Guntur,Total,40767,0,0
28,548,Guntur,Rural,22632,0,0
28,548,Guntur,Urban,18135,0,0
28,549,Prakasam,Total,20769,0,0
28,549,Prakasam,Rural,14329,0,0
28,549,Prakasam,Urban,6440,0,0
28,550,Sri Potti Sriramulu Nellore,Total,22755,0,0
28,550,Sri Potti Sriramulu Nellore,Rural,15743,0,0
28,550,Sri Potti Sriramulu Nellore,Urban,7012,0,0
28,551,Y.S.R.,Total,18077,0,0
28,551,Y.S.R.,Rural,11569,0,0
28,551,Y.S.R.,Urban,6508,0,0
28,552,Kurnool,Total,17491,0,0
28,552,Kurnool,Rural,9623,0,0
28,552,Kurnool,Urban,7868,0,0
28,553,Anantapur,Total,23214,0,0
28,553,Anantapur,Rural,13251,0,0
28,553,Anantapur,Urban,9963,0,0
28,554,Chittoor,Total,32708,0,0
28,554,Chittoor,Rural,12709,0,0
28,554,Chittoor,Urban,19999,0,0
12,0, ARUNACHAL PRADESH,Total,22463,0,0
12,0, ARUNACHAL PRADESH,Rural,15863,0,0
12,0, ARUNACHAL PRADESH,Urban,6600,0,0
12,245,Tawang,Total,3685,0,0
12,245,Tawang,Rural,3483,0,0
12,245,Tawang,Urban,202,0,0
12,246,West Kameng,Total,2197,0,0
12,246,West Kameng,Rural,1595,0,0
12,246,West Kameng,Urban,602,0,0
12,247,East Kameng,Total,841,0,0
12,247,East Kameng,Rural,555,0,0
12,247,East Kameng,Urban,286,0,0
12,248,Papum Pare,Total,2816,0,0
12,248,Papum Pare,Rural,914,0,0
12,248,Papum Pare,Urban,1902,0,0
12,249,Upper Subansiri,Total,386,0,0
12,249,Upper Subansiri,Rural,217,0,0
12,249,Upper Subansiri,Urban,169,0,0
12,250,West Siang,Total,2333,0,0
12,250,West Siang,Rural,1907,0,0
12,250,West Siang,Urban,426,0,0
12,251,East Siang,Total,966,0,0
12,251,East Siang,Rural,607,0,0
12,251,East Siang,Urban,359,0,0
12,252,Upper Siang,Total,356,0,0
12,252,Upper Siang,Rural,249,0,0
12,252,Upper Siang,Urban,107,0,0
12,253,Changlang,Total,1665,0,0
12,253,Changlang,Rural,1138,0,0
12,253,Changlang,Urban,527,0,0
12,254,Tirap,Total,921,0,0
12,254,Tirap,Rural,618,0,0
12,254,Tirap,Urban,303,0,0
12,255,Lower Subansiri,Total,1017,0,0
12,255,Lower Subansiri,Rural,720,0,0
12,255,Lower Subansiri,Urban,297,0,0
12,256,Kurung Kumey,Total,529,0,0
12,256,Kurung Kumey,Rural,498,0,0
12,256,Kurung Kumey,Urban,31,0,0
12,257,Dibang Valley,Total,281,0,0
12,257,Dibang Valley,Rural,240,0,0
12,257,Dibang Valley,Urban,41,0,0
12,258,Lower Dibang Valley,Total,1316,0,0
12,258,Lower Dibang Valley,Rural,953,0,0
12,258,Lower Dibang Valley,Urban,363,0,0
12,259,Lohit,Total,2463,0,0
12,259,Lohit,Rural,1705,0,0
12,259,Lohit,Urban,758,0,0
12,260,Anjaw,Total,691,0,0
12,260,Anjaw,Rural,464,0,0
12,260,Anjaw,Urban,227,0,0
18,0, ASSAM,Total,91695,0,0
18,0, ASSAM,Rural,59191,0,0
18,0, ASSAM,Urban,32504,0,0
18,300,Kokrajhar,Total,2343,0,0
18,300,Kokrajhar,Rural,2058,0,0
18,300,Kokrajhar,Urban,285,0,0
18,301,Dhubri,Total,3221,0,0
18,301,Dhubri,Rural,2707,0,0
18,301,Dhubri,Urban,514,0,0
18,302,Goalpara,Total,2236,0,0
18,302,Goalpara,Rural,1478,0,0
18,302,Goalpara,Urban,758,0,0
18,303,Barpeta,Total,4114,0,0
18,303,Barpeta,Rural,2867,0,0
18,303,Barpeta,Urban,1247,0,0
18,304,Morigaon,Total,2912,0,0
18,304,Morigaon,Rural,2421,0,0
18,304,Morigaon,Urban,491,0,0
18,305,Nagaon,Total,5578,0,0
18,305,Nagaon,Rural,3744,0,0
18,305,Nagaon,Urban,1834,0,0
18,306,Sonitpur,Total,6305,0,0
18,306,Sonitpur,Rural,4404,0,0
18,306,Sonitpur,Urban,1901,0,0
18,307,Lakhimpur,Total,2511,0,0
18,307,Lakhimpur,Rural,1522,0,0
18,307,Lakhimpur,Urban,989,0,0
18,308,Dhemaji,Total,1633,0,0
18,308,Dhemaji,Rural,1186,0,0
18,308,Dhemaji,Urban,447,0,0
18,309,Tinsukia,Total,5143,0,0
18,309,Tinsukia,Rural,3163,0,0
18,309,Tinsukia,Urban,1980,0,0
18,310,Dibrugarh,Total,5506,0,0
18,310,Dibrugarh,Rural,3605,0,0
18,310,Dibrugarh,Urban,1901,0,0
18,311,Sivasagar,Total,4695,0,0
18,311,Sivasagar,Rural,3163,0,0
18,311,Sivasagar,Urban,1532,0,0
18,312,Jorhat,Total,4752,0,0
18,312,Jorhat,Rural,2028,0,0
18,312,Jorhat,Urban,2724,0,0
18,313,Golaghat,Total,3940,0,0
18,313,Golaghat,Rural,2936,0,0
18,313,Golaghat,Urban,1004,0,0
18,314,Karbi Anglong,Total,2351,0,0
18,314,Karbi Anglong,Rural,1605,0,0
18,314,Karbi Anglong,Urban,746,0,0
18,315,Dima Hasao,Total,1897,0,0
18,315,Dima Hasao,Rural,1355,0,0
18,315,Dima Hasao,Urban,542,0,0
18,316,Cachar,Total,3460,0,0
18,316,Cachar,Rural,1832,0,0
18,316,Cachar,Urban,1628,0,0
18,317,Karimganj,Total,1926,0,0
18,317,Karimganj,Rural,1483,0,0
18,317,Karimganj,Urban,443,0,0
18,318,Hailakandi,Total,1175,0,0
18,318,Hailakandi,Rural,810,0,0
18,318,Hailakandi,Urban,365,0,0
18,319,Bongaigaon,Total,2627,0,0
18,319,Bongaigaon,Rural,1907,0,0
18,319,Bongaigaon,Urban,720,0,0
18,320,Chirang,Total,1424,0,0
18,320,Chirang,Rural,1235,0,0
18,320,Chirang,Urban,189,0,0
18,321,Kamrup,Total,2378,0,0
18,321,Kamrup,Rural,2134,0,0
18,321,Kamrup,Urban,244,0,0
18,322,Kamrup Metropolitan,Total,13906,0,0
18,322,Kamrup Metropolitan,Rural,4900,0,0
18,322,Kamrup Metropolitan,Urban,9006,0,0
18,323,Nalbari,Total,1177,0,0
18,323,Nalbari,Rural,797,0,0
18,323,Nalbari,Urban,380,0,0
18,324,Baksa,Total,1360,0,0
18,324,Baksa,Rural,1327,0,0
18,324,Baksa,Urban,33,0,0
18,325,Darrang,Total,1664,0,0
18,325,Darrang,Rural,1214,0,0
18,325,Darrang,Urban,450,0,0
18,326,Udalguri,Total,1461,0,0
18,326,Udalguri,Rural,1310,0,0
18,326,Udalguri,Urban,151,0,0
10,0,BIHAR,Total,157963,0,0
10,0,BIHAR,Rural,109075,0,0
10,0,BIHAR,Urban,48888,0,0
10,203,Pashchim Champaran,Total,3984,0,0
10,203,Pashchim Champaran,Rural,3004,0,0
10,203,Pashchim Champaran,Urban,980,0,0
10,204,Purba Champaran,Total,5645,0,0
10,204,Purba Champaran,Rural,4548,0,0
10,204,Purba Champaran,Urban,1097,0,0
10,205,Sheohar,Total,299,0,0
10,205,Sheohar,Rural,237,0,0
10,205,Sheohar,Urban,62,0,0
10,206,Sitamarhi,Total,4429,0,0
10,206,Sitamarhi,Rural,3820,0,0
10,206,Sitamarhi,Urban,609,0,0
10,207,Madhubani,Total,4494,0,0
10,207,Madhubani,Rural,3880,0,0
10,207,Madhubani,Urban,614,0,0
10,208,Supaul,Total,2678,0,0
10,208,Supaul,Rural,2035,0,0
10,208,Supaul,Urban,643,0,0
10,209,Araria,Total,3819,0,0
10,209,Araria,Rural,2796,0,0
10,209,Araria,Urban,1023,0,0
10,210,Kishanganj,Total,3658,0,0
10,210,Kishanganj,Rural,2023,0,0
10,210,Kishanganj,Urban,1635,0,0
10,211,Purnia,Total,4231,0,0
10,211,Purnia,Rural,2816,0,0
10,211,Purnia,Urban,1415,0,0
10,212,Katihar,Total,3163,0,0
10,212,Katihar,Rural,2373,0,0
10,212,Katihar,Urban,790,0,0
10,213,Madhepura,Total,1710,0,0
10,213,Madhepura,Rural,1230,0,0
10,213,Madhepura,Urban,480,0,0
10,214,Saharsa,Total,2919,0,0
10,214,Saharsa,Rural,1633,0,0
10,214,Saharsa,Urban,1286,0,0
10,215,Darbhanga,Total,6706,0,0
10,215,Darbhanga,Rural,5382,0,0
10,215,Darbhanga,Urban,1324,0,0
10,216,Muzaffarpur,Total,7670,0,0
10,216,Muzaffarpur,Rural,5114,0,0
10,216,Muzaffarpur,Urban,2556,0,0
10,217,Gopalganj,Total,7172,0,0
10,217,Gopalganj,Rural,6200,0,0
10,217,Gopalganj,Urban,972,0,0
10,218,Siwan,Total,5815,0,0
10,218,Siwan,Rural,5100,0,0
10,218,Siwan,Urban,715,0,0
10,219,Saran,Total,3900,0,0
10,219,Saran,Rural,3174,0,0
10,219,Saran,Urban,726,0,0
10,220,Vaishali,Total,5173,0,0
10,220,Vaishali,Rural,4660,0,0
10,220,Vaishali,Urban,513,0,0
10,221,Samastipur,Total,5145,0,0
10,221,Samastipur,Rural,4509,0,0
10,221,Samastipur,Urban,636,0,0
10,222,Begusarai,Total,4089,0,0
10,222,Begusarai,Rural,2685,0,0
10,222,Begusarai,Urban,1404,0,0
10,223,Khagaria,Total,1608,0,0
10,223,Khagaria,Rural,1367,0,0
10,223,Khagaria,Urban,241,0,0
10,224,Bhagalpur,Total,3587,0,0
10,224,Bhagalpur,Rural,2214,0,0
10,224,Bhagalpur,Urban,1373,0,0
10,225,Banka,Total,2473,0,0
10,225,Banka,Rural,1801,0,0
10,225,Banka,Urban,672,0,0
10,226,Munger,Total,2636,0,0
10,226,Munger,Rural,1320,0,0
10,226,Munger,Urban,1316,0,0
10,227,Lakhisarai,Total,2111,0,0
10,227,Lakhisarai,Rural,940,0,0
10,227,Lakhisarai,Urban,1171,0,0
10,228,Sheikhpura,Total,1704,0,0
10,228,Sheikhpura,Rural,1309,0,0
10,228,Sheikhpura,Urban,395,0,0
10,229,Nalanda,Total,4776,0,0
10,229,Nalanda,Rural,3367,0,0
10,229,Nalanda,Urban,1409,0,0
10,230,Patna,Total,18755,0,0
10,230,Patna,Rural,6265,0,0
10,230,Patna,Urban,12490,0,0
10,231,Bhojpur,Total,3651,0,0
10,231,Bhojpur,Rural,2317,0,0
10,231,Bhojpur,Urban,1334,0,0
10,232,Buxar,Total,2927,0,0
10,232,Buxar,Rural,2083,0,0
10,232,Buxar,Urban,844,0,0
10,233,Kaimur (Bhabua),Total,2189,0,0
10,233,Kaimur (Bhabua),Rural,1649,0,0
10,233,Kaimur (Bhabua),Urban,540,0,0
10,234,Rohtas,Total,6626,0,0
10,234,Rohtas,Rural,4599,0,0
10,234,Rohtas,Urban,2027,0,0
10,235,Aurangabad,Total,3952,0,0
10,235,Aurangabad,Rural,2782,0,0
10,235,Aurangabad,Urban,1170,0,0
10,236,Gaya,Total,7426,0,0
10,236,Gaya,Rural,4860,0,0
10,236,Gaya,Urban,2566,0,0
10,237,Nawada,Total,2684,0,0
10,237,Nawada,Rural,1874,0,0
10,237,Nawada,Urban,810,0,0
10,238,Jamui,Total,1557,0,0
10,238,Jamui,Rural,1025,0,0
10,238,Jamui,Urban,532,0,0
10,239,Jehanabad,Total,1363,0,0
10,239,Jehanabad,Rural,968,0,0
10,239,Jehanabad,Urban,395,0,0
10,240,Arwal,Total,1239,0,0
10,240,Arwal,Rural,1116,0,0
10,240,Arwal,Urban,123,0,0
4,0,CHANDIGARH,Total,18667,0,0
4,0,CHANDIGARH,Rural,1157,0,0
4,0,CHANDIGARH,Urban,17510,0,0
4,55,Chandigarh,Total,18667,0,0
4,55,Chandigarh,Rural,1157,0,0
4,55,Chandigarh,Urban,17510,0,0
22,0,CHHATTISGARH,Total,173994,0,0
22,0,CHHATTISGARH,Rural,112039,0,0
22,0,CHHATTISGARH,Urban,61955,0,0
22,400,Koriya,Total,3239,0,0
22,400,Koriya,Rural,2082,0,0
22,400,Koriya,Urban,1157,0,0
22,401,Surguja,Total,14318,0,0
22,401,Surguja,Rural,10989,0,0
22,401,Surguja,Urban,3329,0,0
22,402,Jashpur,Total,9389,0,0
22,402,Jashpur,Rural,6538,0,0
22,402,Jashpur,Urban,2851,0,0
22,403,Raigarh,Total,9308,0,0
22,403,Raigarh,Rural,6343,0,0
22,403,Raigarh,Urban,2965,0,0
22,404,Korba,Total,7523,0,0
22,404,Korba,Rural,2326,0,0
22,404,Korba,Urban,5197,0,0
22,405,Janjgir - Champa,Total,12077,0,0
22,405,Janjgir - Champa,Rural,9916,0,0
22,405,Janjgir - Champa,Urban,2161,0,0
22,406,Bilaspur,Total,14964,0,0
22,406,Bilaspur,Rural,8172,0,0
22,406,Bilaspur,Urban,6792,0,0
22,407,Kabeerdham,Total,4370,0,0
22,407,Kabeerdham,Rural,3201,0,0
22,407,Kabeerdham,Urban,1169,0,0
22,408,Rajnandgaon,Total,8665,0,0
22,408,Rajnandgaon,Rural,6628,0,0
22,408,Rajnandgaon,Urban,2037,0,0
22,409,Durg,Total,24470,0,0
22,409,Durg,Rural,15639,0,0
22,409,Durg,Urban,8831,0,0
22,410,Raipur,Total,22474,0,0
22,410,Raipur,Rural,9050,0,0
22,410,Raipur,Urban,13424,0,0
22,411,Mahasamund,Total,6336,0,0
22,411,Mahasamund,Rural,4934,0,0
22,411,Mahasamund,Urban,1402,0,0
22,412,Dhamtari,Total,4762,0,0
22,412,Dhamtari,Rural,3722,0,0
22,412,Dhamtari,Urban,1040,0,0
22,413,Uttar Bastar Kanker,Total,5413,0,0
22,413,Uttar Bastar Kanker,Rural,3809,0,0
22,413,Uttar Bastar Kanker,Urban,1604,0,0
22,414,Bastar,Total,13155,0,0
22,414,Bastar,Rural,9141,0,0
22,414,Bastar,Urban,4014,0,0
22,415,Narayanpur,Total,1706,0,0
22,415,Narayanpur,Rural,1197,0,0
22,415,Narayanpur,Urban,509,0,0
22,416,Dakshin Bastar Dantewada,Total,7546,0,0
22,416,Dakshin Bastar Dantewada,Rural,5140,0,0
22,416,Dakshin Bastar Dantewada,Urban,2406,0,0
22,417,Bijapur,Total,4279,0,0
22,417,Bijapur,Rural,3212,0,0
22,417,Bijapur,Urban,1067,0,0
26,0, DADRA & NAGAR HAVELI,Total,15816,0,0
26,0, DADRA & NAGAR HAVELI,Rural,7017,0,0
26,0, DADRA & NAGAR HAVELI,Urban,8799,0,0
26,496,Dadra & Nagar Haveli,Total,15816,0,0
26,496,Dadra & Nagar Haveli,Rural,7017,0,0
26,496,Dadra & Nagar Haveli,Urban,8799,0,0
25,0, DAMAN & DIU,Total,16057,0,0
25,0, DAMAN & DIU,Rural,1122,0,0
25,0, DAMAN & DIU,Urban,14935,0,0
25,494,Diu,Total,102,0,0
25,494,Diu,Rural,33,0,0
25,494,Diu,Urban,69,0,0
25,495,Daman,Total,15955,0,0
25,495,Daman,Rural,1089,0,0
25,495,Daman,Urban,14866,0,0
30,0, GOA,Total,39890,0,0
30,0, GOA,Rural,13616,0,0
30,0, GOA,Urban,26274,0,0
30,585,North Goa,Total,22859,0,0
30,585,North Goa,Rural,8114,0,0
30,585,North Goa,Urban,14745,0,0
30,586,South Goa,Total,17031,0,0
30,586,South Goa,Rural,5502,0,0
30,586,South Goa,Urban,11529,0,0
24,0,GUJARAT,Total,552218,0,0
24,0,GUJARAT,Rural,257158,0,0
24,0,GUJARAT,Urban,295060,0,0
24,468,Kachchh,Total,44592,0,0
24,468,Kachchh,Rural,34107,0,0
24,468,Kachchh,Urban,10485,0,0
24,469,Banas Kantha,Total,10225,0,0
24,469,Banas Kantha,Rural,7778,0,0
24,469,Banas Kantha,Urban,2447,0,0
24,470,Patan,Total,6390,0,0
24,470,Patan,Rural,4720,0,0
24,470,Patan,Urban,1670,0,0
24,471,Mahesana,Total,10828,0,0
24,471,Mahesana,Rural,6967,0,0
24,471,Mahesana,Urban,3861,0,0
24,472,Sabar Kantha,Total,12366,0,0
24,472,Sabar Kantha,Rural,8656,0,0
24,472,Sabar Kantha,Urban,3710,0,0
24,473,Gandhinagar,Total,12052,0,0
24,473,Gandhinagar,Rural,4332,0,0
24,473,Gandhinagar,Urban,7720,0,0
24,474,Ahmadabad,Total,50004,0,0
24,474,Ahmadabad,Rural,5271,0,0
24,474,Ahmadabad,Urban,44733,0,0
24,475,Surendranagar,Total,9640,0,0
24,475,Surendranagar,Rural,6289,0,0
24,475,Surendranagar,Urban,3351,0,0
24,476,Rajkot,Total,34919,0,0
24,476,Rajkot,Rural,13924,0,0
24,476,Rajkot,Urban,20995,0,0
24,477,Jamnagar,Total,19154,0,0
24,477,Jamnagar,Rural,11716,0,0
24,477,Jamnagar,Urban,7438,0,0
24,478,Porbandar,Total,4856,0,0
24,478,Porbandar,Rural,2508,0,0
24,478,Porbandar,Urban,2348,0,0
24,479,Junagadh,Total,19287,0,0
24,479,Junagadh,Rural,10347,0,0
24,479,Junagadh,Urban,8940,0,0
24,480,Amreli,Total,11125,0,0
24,480,Amreli,Rural,7253,0,0
24,480,Amreli,Urban,3872,0,0
24,481,Bhavnagar,Total,17641,0,0
24,481,Bhavnagar,Rural,8369,0,0
24,481,Bhavnagar,Urban,9272,0,0
24,482,Anand,Total,17120,0,0
24,482,Anand,Rural,11370,0,0
24,482,Anand,Urban,5750,0,0
24,483,Kheda,Total,12866,0,0
24,483,Kheda,Rural,9139,0,0
24,483,Kheda,Urban,3727,0,0
24,484,Panch Mahals,Total,5719,0,0
24,484,Panch Mahals,Rural,3717,0,0
24,484,Panch Mahals,Urban,2002,0,0
24,485,Dohad,Total,12708,0,0
24,485,Dohad,Rural,11667,0,0
24,485,Dohad,Urban,1041,0,0
24,486,Vadodara,Total,28048,0,0
24,486,Vadodara,Rural,12365,0,0
24,486,Vadodara,Urban,15683,0,0
24,487,Narmada,Total,6467,0,0
24,487,Narmada,Rural,5388,0,0
24,487,Narmada,Urban,1079,0,0
24,488,Bharuch,Total,16822,0,0
24,488,Bharuch,Rural,10738,0,0
24,488,Bharuch,Urban,6084,0,0
24,489,The Dangs,Total,3464,0,0
24,489,The Dangs,Rural,1883,0,0
24,489,The Dangs,Urban,1581,0,0
24,490,Navsari,Total,17402,0,0
24,490,Navsari,Rural,10892,0,0
24,490,Navsari,Urban,6510,0,0
24,491,Valsad,Total,20286,0,0
24,491,Valsad,Rural,7544,0,0
24,491,Valsad,Urban,12742,0,0
24,492,Surat,Total,140852,0,0
24,492,Surat,Rural,33745,0,0
24,492,Surat,Urban,107107,0,0
24,493,Tapi,Total,7385,0,0
24,493,Tapi,Rural,6473,0,0
24,493,Tapi,Urban,912,0,0
6,0,HARYANA,Total,214281,0,0
6,0,HARYANA,Rural,119927,0,0
6,0,HARYANA,Urban,40354,0,0
6,69,Panchkula,Total,8869,0,0
6,69,Panchkula,Rural,3271,0,0
6,69,Panchkula,Urban,5598,0,0
6,70,Ambala,Total,7549,0,0
6,70,Ambala,Rural,3473,0,0
6,70,Ambala,Urban,4076,0,0
6,71,Yamunanagar,Total,10594,0,0
6,71,Yamunanagar,Rural,6722,0,0
6,71,Yamunanagar,Urban,3872,0,0
6,72,Kurukshetra,Total,14562,0,0
6,72,Kurukshetra,Rural,7835,0,0
6,72,Kurukshetra,Urban,6727,0,0
6,73,Kaithal,Total,7081,0,0
6,73,Kaithal,Rural,5609,0,0
6,73,Kaithal,Urban,1472,0,0
6,74,Karnal,Total,15892,0,0
6,74,Karnal,Rural,12543,0,0
6,74,Karnal,Urban,3349,0,0
6,75,Panipat,Total,4264,0,0
6,75,Panipat,Rural,8934,0,0
6,75,Panipat,Urban,4330,0,0
6,76,Sonipat,Total,12581,0,0
6,76,Sonipat,Rural,10621,0,0
6,76,Sonipat,Urban,3040,0,0
6,77,Jind,Total,2277,0,0
6,77,Jind,Rural,5542,0,0
6,77,Jind,Urban,1865,0,0
6,78,Fatehabad,Total,5753,0,0
6,78,Fatehabad,Rural,5011,0,0
6,78,Fatehabad,Urban,742,0,0
6,79,Sirsa,Total,9836,0,0
6,79,Sirsa,Rural,7867,0,0
6,79,Sirsa,Urban,1969,0,0
6,80,Hisar,Total,9379,0,0
6,80,Hisar,Rural,6565,0,0
6,80,Hisar,Urban,2814,0,0
6,81,Bhiwani,Total,4682,0,0
6,81,Bhiwani,Rural,3558,0,0
6,81,Bhiwani,Urban,584,0,0
6,82,Rohtak,Total,4656,0,0
6,82,Rohtak,Rural,1839,0,0
6,82,Rohtak,Urban,2817,0,0
6,83,Jhajjar,Total,6753,0,0
6,83,Jhajjar,Rural,4617,0,0
6,83,Jhajjar,Urban,2136,0,0
6,84,Mahendragarh,Total,4342,0,0
6,84,Mahendragarh,Rural,2720,0,0
6,84,Mahendragarh,Urban,722,0,0
6,85,Rewari,Total,9413,0,0
6,85,Rewari,Rural,3070,0,0
6,85,Rewari,Urban,3823,0,0
6,86,Gurgaon,Total,35265,0,0
6,86,Gurgaon,Rural,4550,0,0
6,86,Gurgaon,Urban,30715,0,0
6,87,Mewat,Total,2123,0,0
6,87,Mewat,Rural,1634,0,0
6,87,Mewat,Urban,489,0,0
6,88,Faridabad,Total,16773,0,0
6,88,Faridabad,Rural,5163,0,0
6,88,Faridabad,Urban,11610,0,0
6,89,Palwal,Total,3367,0,0
6,89,Palwal,Rural,2303,0,0
6,89,Palwal,Urban,1064,0,0
2,0, HIMACHAL PRADESH,Total,71139,0,0
2,0, HIMACHAL PRADESH,Rural,53702,0,0
2,0, HIMACHAL PRADESH,Urban,14107,0,0
2,23,Chamba,Total,2903,0,0
2,23,Chamba,Rural,2340,0,0
2,23,Chamba,Urban,563,0,0
2,24,Kangra,Total,13455,0,0
2,24,Kangra,Rural,12053,0,0
2,24,Kangra,Urban,952,0,0
2,25,Lahul & Spiti,Total,848,0,0
2,25,Lahul & Spiti,Rural,848,0,0
2,25,Lahul & Spiti,Urban,0,0,0
2,26,Kullu,Total,3445,0,0
2,26,Kullu,Rural,2757,0,0
2,26,Kullu,Urban,688,0,0
2,27,Mandi,Total,6256,0,0
2,27,Mandi,Rural,5300,0,0
2,27,Mandi,Urban,956,0,0
2,28,Hamirpur,Total,4688,0,0
2,28,Hamirpur,Rural,3616,0,0
2,28,Hamirpur,Urban,1072,0,0
2,29,Una,Total,6735,0,0
2,29,Una,Rural,5534,0,0
2,29,Una,Urban,1021,0,0
2,30,Bilaspur,Total,3609,0,0
2,30,Bilaspur,Rural,1947,0,0
2,30,Bilaspur,Urban,582,0,0
2,31,Solan,Total,10542,0,0
2,31,Solan,Rural,7023,0,0
2,31,Solan,Urban,3519,0,0
2,32,Sirmaur,Total,3703,0,0
2,32,Sirmaur,Rural,3753,0,0
2,32,Sirmaur,Urban,1030,0,0
2,33,Shimla,Total,11198,0,0
2,33,Shimla,Rural,4594,0,0
2,33,Shimla,Urban,6604,0,0
2,34,Kinnaur,Total,2677,0,0
2,34,Kinnaur,Rural,2677,0,0
2,34,Kinnaur,Urban,0,0,0
1,0,JAMMU & KASHMIR,Total,52786,0,0
1,0,JAMMU & KASHMIR,Rural,35021,0,0
1,0,JAMMU & KASHMIR,Urban,23165,0,0
1,1,Kupwara,Total,3126,0,0
1,1,Kupwara,Rural,1192,0,0
1,1,Kupwara,Urban,1934,0,0
1,2,Badgam,Total,1516,0,0
1,2,Badgam,Rural,1402,0,0
1,2,Badgam,Urban,114,0,0
1,3,Leh(Ladakh),Total,204,0,0
1,3,Leh(Ladakh),Rural,92,0,0
1,3,Leh(Ladakh),Urban,112,0,0
1,4,Kargil,Total,184,0,0
1,4,Kargil,Rural,150,0,0
1,4,Kargil,Urban,34,0,0
1,5,Punch,Total,1043,0,0
1,5,Punch,Rural,912,0,0
1,5,Punch,Urban,131,0,0
1,6,Rajouri,Total,1560,0,0
1,6,Rajouri,Rural,1198,0,0
1,6,Rajouri,Urban,362,0,0
1,7,Kathua,Total,1390,0,0
1,7,Kathua,Rural,926,0,0
1,7,Kathua,Urban,464,0,0
1,8,Baramula,Total,2702,0,0
1,8,Baramula,Rural,2244,0,0
1,8,Baramula,Urban,458,0,0
1,9,Bandipore,Total,643,0,0
1,9,Bandipore,Rural,475,0,0
1,9,Bandipore,Urban,168,0,0
1,10,Srinagar,Total,5649,0,0
1,10,Srinagar,Rural,97,0,0
1,10,Srinagar,Urban,5552,0,0
1,11,Ganderbal,Total,5614,0,0
1,11,Ganderbal,Rural,4972,0,0
1,11,Ganderbal,Urban,462,0,0
1,12,Pulwama,Total,2209,0,0
1,12,Pulwama,Rural,1836,0,0
1,12,Pulwama,Urban,373,0,0
1,13,Shupiyan,Total,1235,0,0
1,13,Shupiyan,Rural,1226,0,0
1,13,Shupiyan,Urban,9,0,0
1,14,Anantnag,Total,10014,0,0
1,14,Anantnag,Rural,8018,0,0
1,14,Anantnag,Urban,1996,0,0
1,15,Kulgam,Total,1341,0,0
1,15,Kulgam,Rural,1239,0,0
1,15,Kulgam,Urban,102,0,0
1,16,Doda,Total,1542,0,0
1,16,Doda,Rural,416,0,0
1,16,Doda,Urban,1126,0,0
1,17,Ramban,Total,474,0,0
1,17,Ramban,Rural,458,0,0
1,17,Ramban,Urban,16,0,0
1,18,Kishtwar,Total,226,0,0
1,18,Kishtwar,Rural,176,0,0
1,18,Kishtwar,Urban,50,0,0
1,19,Udhampur,Total,2328,0,0
1,19,Udhampur,Rural,1200,0,0
1,19,Udhampur,Urban,1128,0,0
1,20,Reasi,Total,1560,0,0
1,20,Reasi,Rural,1409,0,0
1,20,Reasi,Urban,151,0,0
1,21,Jammu,Total,11693,0,0
1,21,Jammu,Rural,4289,0,0
1,21,Jammu,Urban,7674,0,0
1,22,Samba,Total,1663,0,0
1,22,Samba,Rural,1094,0,0
1,22,Samba,Urban,569,0,0
20,0,JHARKHAND,Total,94076,0,0
20,0,JHARKHAND,Rural,51492,0,0
20,0,JHARKHAND,Urban,42584,0,0
20,346,Garhwa,Total,3472,0,0
20,346,Garhwa,Rural,2859,0,0
20,346,Garhwa,Urban,613,0,0
20,347,Chatra,Total,1652,0,0
20,347,Chatra,Rural,1142,0,0
20,347,Chatra,Urban,510,0,0
20,348,Kodarma,Total,1581,0,0
20,348,Kodarma,Rural,967,0,0
20,348,Kodarma,Urban,614,0,0
20,349,Giridih,Total,3471,0,0
20,349,Giridih,Rural,2977,0,0
20,349,Giridih,Urban,494,0,0
20,350,Deoghar,Total,1773,0,0
20,350,Deoghar,Rural,844,0,0
20,350,Deoghar,Urban,929,0,0
20,351,Godda,Total,1877,0,0
20,351,Godda,Rural,1522,0,0
20,351,Godda,Urban,355,0,0
20,352,Sahibganj,Total,1525,0,0
20,352,Sahibganj,Rural,1041,0,0
20,352,Sahibganj,Urban,484,0,0
20,353,Pakur,Total,2308,0,0
20,353,Pakur,Rural,1855,0,0
20,353,Pakur,Urban,453,0,0
20,354,Dhanbad,Total,7144,0,0
20,354,Dhanbad,Rural,1820,0,0
20,354,Dhanbad,Urban,5324,0,0
20,355,Bokaro,Total,8013,0,0
20,355,Bokaro,Rural,3181,0,0
20,355,Bokaro,Urban,4832,0,0
20,356,Lohardaga,Total,1595,0,0
20,356,Lohardaga,Rural,1135,0,0
20,356,Lohardaga,Urban,460,0,0
20,357,Purbi Singhbhum,Total,10346,0,0
20,357,Purbi Singhbhum,Rural,3318,0,0
20,357,Purbi Singhbhum,Urban,7028,0,0
20,358,Palamu,Total,4939,0,0
20,358,Palamu,Rural,3974,0,0
20,358,Palamu,Urban,965,0,0
20,359,Latehar,Total,1698,0,0
20,359,Latehar,Rural,1291,0,0
20,359,Latehar,Urban,407,0,0
20,360,Hazaribagh,Total,7153,0,0
20,360,Hazaribagh,Rural,5629,0,0
20,360,Hazaribagh,Urban,1524,0,0
20,361,Ramgarh,Total,3157,0,0
20,361,Ramgarh,Rural,1794,0,0
20,361,Ramgarh,Urban,1363,0,0
20,362,Dumka,Total,2447,0,0
20,362,Dumka,Rural,1809,0,0
20,362,Dumka,Urban,638,0,0
20,363,Jamtara,Total,1291,0,0
20,363,Jamtara,Rural,825,0,0
20,363,Jamtara,Urban,466,0,0
20,364,Ranchi,Total,13888,0,0
20,364,Ranchi,Rural,5589,0,0
20,364,Ranchi,Urban,8299,0,0
20,365,Khunti,Total,1693,0,0
20,365,Khunti,Rural,962,0,0
20,365,Khunti,Urban,731,0,0
20,366,Gumla,Total,3598,0,0
20,366,Gumla,Rural,2566,0,0
20,366,Gumla,Urban,1032,0,0
20,367,Simdega,Total,2484,0,0
20,367,Simdega,Rural,1781,0,0
20,367,Simdega,Urban,703,0,0
20,368,Pashchimi Singhbhum,Total,3959,0,0
20,368,Pashchimi Singhbhum,Rural,1652,0,0
20,368,Pashchimi Singhbhum,Urban,2307,0,0
20,369,Saraikela-Kharsawan,Total,3012,0,0
20,369,Saraikela-Kharsawan,Rural,959,0,0
20,369,Saraikela-Kharsawan,Urban,2053,0,0
29,0,KARNATAKA,Total,588685,0,0
29,0,KARNATAKA,Rural,269622,0,0
29,0,KARNATAKA,Urban,319063,0,0
29,555,Belgaum,Total,44230,0,0
29,555,Belgaum,Rural,30709,0,0
29,555,Belgaum,Urban,13521,0,0
29,556,Bagalkot,Total,17479,0,0
29,556,Bagalkot,Rural,12454,0,0
29,556,Bagalkot,Urban,5025,0,0
29,557,Bijapur,Total,13581,0,0
29,557,Bijapur,Rural,9025,0,0
29,557,Bijapur,Urban,4556,0,0
29,558,Bidar,Total,7914,0,0
29,558,Bidar,Rural,5274,0,0
29,558,Bidar,Urban,2640,0,0
29,559,Raichur,Total,8552,0,0
29,559,Raichur,Rural,5594,0,0
29,559,Raichur,Urban,2958,0,0
29,560,Koppal,Total,8653,0,0
29,560,Koppal,Rural,6562,0,0
29,560,Koppal,Urban,2091,0,0
29,561,Gadag,Total,9201,0,0
29,561,Gadag,Rural,5967,0,0
29,561,Gadag,Urban,3234,0,0
29,562,Dharwad,Total,13934,0,0
29,562,Dharwad,Rural,7147,0,0
29,562,Dharwad,Urban,6787,0,0
29,563,Uttara Kannada,Total,14878,0,0
29,563,Uttara Kannada,Rural,9999,0,0
29,563,Uttara Kannada,Urban,4879,0,0
29,564,Haveri,Total,13247,0,0
29,564,Haveri,Rural,8583,0,0
29,564,Haveri,Urban,4664,0,0
29,565,Bellary,Total,15994,0,0
29,565,Bellary,Rural,8652,0,0
29,565,Bellary,Urban,7342,0,0
29,566,Chitradurga,Total,8378,0,0
29,566,Chitradurga,Rural,4683,0,0
29,566,Chitradurga,Urban,3695,0,0
29,567,Davanagere,Total,11189,0,0
29,567,Davanagere,Rural,4775,0,0
29,567,Davanagere,Urban,6414,0,0
29,568,Shimoga,Total,17499,0,0
29,568,Shimoga,Rural,9833,0,0
29,568,Shimoga,Urban,7666,0,0
29,569,Udupi,Total,15638,0,0
29,569,Udupi,Rural,9421,0,0
29,569,Udupi,Urban,6217,0,0
29,570,Chikmagalur,Total,14629,0,0
29,570,Chikmagalur,Rural,10659,0,0
29,570,Chikmagalur,Urban,3970,0,0
29,571,Tumkur,Total,23885,0,0
29,571,Tumkur,Rural,14015,0,0
29,571,Tumkur,Urban,9870,0,0
29,572,Bangalore,Total,177700,0,0
29,572,Bangalore,Rural,30719,0,0
29,572,Bangalore,Urban,146981,0,0
29,573,Mandya,Total,10448,0,0
29,573,Mandya,Rural,7068,0,0
29,573,Mandya,Urban,3380,0,0
29,574,Hassan,Total,13872,0,0
29,574,Hassan,Rural,6465,0,0
29,574,Hassan,Urban,7407,0,0
29,575,Dakshina Kannada,Total,32538,0,0
29,575,Dakshina Kannada,Rural,10789,0,0
29,575,Dakshina Kannada,Urban,21749,0,0
29,576,Kodagu,Total,12954,0,0
29,576,Kodagu,Rural,11179,0,0
29,576,Kodagu,Urban,1775,0,0
29,577,Mysore,Total,26446,0,0
29,577,Mysore,Rural,7328,0,0
29,577,Mysore,Urban,19118,0,0
29,578,Chamarajanagar,Total,3749,0,0
29,578,Chamarajanagar,Rural,2163,0,0
29,578,Chamarajanagar,Urban,1586,0,0
29,579,Gulbarga,Total,9541,0,0
29,579,Gulbarga,Rural,5358,0,0
29,579,Gulbarga,Urban,4183,0,0
29,580,Yadgir,Total,4825,0,0
29,580,Yadgir,Rural,3158,0,0
29,580,Yadgir,Urban,1667,0,0
29,581,Kolar,Total,8321,0,0
29,581,Kolar,Rural,3541,0,0
29,581,Kolar,Urban,4780,0,0
29,582,Chikkaballapura,Total,7736,0,0
29,582,Chikkaballapura,Rural,4513,0,0
29,582,Chikkaballapura,Urban,3223,0,0
29,583,Bangalore Rural,Total,14389,0,0
29,583,Bangalore Rural,Rural,9498,0,0
29,583,Bangalore Rural,Urban,4891,0,0
29,584,Ramanagara,Total,7285,0,0
29,584,Ramanagara,Rural,4491,0,0
29,584,Ramanagara,Urban,2794,0,0
32,0, KERALA,Total,253342,0,0
32,0, KERALA,Rural,121421,0,0
32,0, KERALA,Urban,131921,0,0
32,588,Kasaragod,Total,10239,0,0
32,588,Kasaragod,Rural,5512,0,0
32,588,Kasaragod,Urban,4727,0,0
32,589,Kannur,Total,19217,0,0
32,589,Kannur,Rural,7362,0,0
32,589,Kannur,Urban,11855,0,0
32,590,Wayanad,Total,7699,0,0
32,590,Wayanad,Rural,7180,0,0
32,590,Wayanad,Urban,519,0,0
32,591,Kozhikode,Total,26842,0,0
32,591,Kozhikode,Rural,7450,0,0
32,591,Kozhikode,Urban,19392,0,0
32,592,Malappuram,Total,21300,0,0
32,592,Malappuram,Rural,10796,0,0
32,592,Malappuram,Urban,10504,0,0
32,593,Palakkad,Total,16865,0,0
32,593,Palakkad,Rural,11349,0,0
32,593,Palakkad,Urban,5516,0,0
32,594,Thrissur,Total,26317,0,0
32,594,Thrissur,Rural,8000,0,0
32,594,Thrissur,Urban,18317,0,0
32,595,Ernakulam,Total,33726,0,0
32,595,Ernakulam,Rural,8941,0,0
32,595,Ernakulam,Urban,24785,0,0
32,596,Idukki,Total,8243,0,0
32,596,Idukki,Rural,7575,0,0
32,596,Idukki,Urban,668,0,0
32,597,Kottayam,Total,22048,0,0
32,597,Kottayam,Rural,14756,0,0
32,597,Kottayam,Urban,7292,0,0
32,598,Alappuzha,Total,13276,0,0
32,598,Alappuzha,Rural,6209,0,0
32,598,Alappuzha,Urban,7067,0,0
32,599,Pathanamthitta,Total,10809,0,0
32,599,Pathanamthitta,Rural,9261,0,0
32,599,Pathanamthitta,Urban,1548,0,0
32,600,Kollam,Total,15753,0,0
32,600,Kollam,Rural,8708,0,0
32,600,Kollam,Urban,7045,0,0
32,601,Thiruvananthapuram,Total,21008,0,0
32,601,Thiruvananthapuram,Rural,8322,0,0
32,601,Thiruvananthapuram,Urban,12686,0,0
31,0, LAKSHADWEEP,Total,3510,0,0
31,0, LAKSHADWEEP,Rural,557,0,0
31,0, LAKSHADWEEP,Urban,2953,0,0
31,587,Lakshadweep,Total,3510,0,0
31,587,Lakshadweep,Rural,557,0,0
31,587,Lakshadweep,Urban,2953,0,0
23,0, MADHYA PRADESH,Total,393603,0,0
23,0, MADHYA PRADESH,Rural,230208,0,0
23,0, MADHYA PRADESH,Urban,163395,0,0
23,418,Sheopur,Total,5019,0,0
23,418,Sheopur,Rural,4362,0,0
23,418,Sheopur,Urban,657,0,0
23,419,Morena,Total,7262,0,0
23,419,Morena,Rural,4821,0,0
23,419,Morena,Urban,2441,0,0
23,420,Bhind,Total,4958,0,0
23,420,Bhind,Rural,2192,0,0
23,420,Bhind,Urban,2766,0,0
23,421,Gwalior,Total,10806,0,0
23,421,Gwalior,Rural,2504,0,0
23,421,Gwalior,Urban,8302,0,0
23,422,Datia,Total,2487,0,0
23,422,Datia,Rural,1402,0,0
23,422,Datia,Urban,1085,0,0
23,423,Shivpuri,Total,8651,0,0
23,423,Shivpuri,Rural,6603,0,0
23,423,Shivpuri,Urban,2048,0,0
23,424,Tikamgarh,Total,3040,0,0
23,424,Tikamgarh,Rural,1478,0,0
23,424,Tikamgarh,Urban,1562,0,0
23,425,Chhatarpur,Total,8344,0,0
23,425,Chhatarpur,Rural,3862,0,0
23,425,Chhatarpur,Urban,4482,0,0
23,426,Panna,Total,4705,0,0
23,426,Panna,Rural,4009,0,0
23,426,Panna,Urban,696,0,0
23,427,Sagar,Total,14073,0,0
23,427,Sagar,Rural,8061,0,0
23,427,Sagar,Urban,6012,0,0
23,428,Damoh,Total,4693,0,0
23,428,Damoh,Rural,2945,0,0
23,428,Damoh,Urban,1748,0,0
23,429,Satna,Total,6794,0,0
23,429,Satna,Rural,3468,0,0
23,429,Satna,Urban,3326,0,0
23,430,Rewa,Total,5974,0,0
23,430,Rewa,Rural,3410,0,0
23,430,Rewa,Urban,2564,0,0
23,431,Umaria,Total,2881,0,0
23,431,Umaria,Rural,1316,0,0
23,431,Umaria,Urban,1565,0,0
23,432,Neemuch,Total,7007,0,0
23,432,Neemuch,Rural,4005,0,0
23,432,Neemuch,Urban,3002,0,0
23,433,Mandsaur,Total,6008,0,0
23,433,Mandsaur,Rural,4637,0,0
23,433,Mandsaur,Urban,1371,0,0
23,434,Ratlam,Total,7284,0,0
23,434,Ratlam,Rural,4262,0,0
23,434,Ratlam,Urban,3022,0,0
23,435,Ujjain,Total,10631,0,0
23,435,Ujjain,Rural,6480,0,0
23,435,Ujjain,Urban,4151,0,0
23,436,Shajapur,Total,6355,0,0
23,436,Shajapur,Rural,4579,0,0
23,436,Shajapur,Urban,1776,0,0
23,437,Dewas,Total,8388,0,0
23,437,Dewas,Rural,5464,0,0
23,437,Dewas,Urban,2924,0,0
23,438,Dhar,Total,16591,0,0
23,438,Dhar,Rural,8347,0,0
23,438,Dhar,Urban,8244,0,0
23,439,Indore,Total,31806,0,0
23,439,Indore,Rural,10812,0,0
23,439,Indore,Urban,20994,0,0
23,440,Khargone (West Nimar),Total,13142,0,0
23,440,Khargone (West Nimar),Rural,10142,0,0
23,440,Khargone (West Nimar),Urban,3000,0,0
23,441,Barwani,Total,8561,0,0
23,441,Barwani,Rural,6236,0,0
23,441,Barwani,Urban,2325,0,0
23,442,Rajgarh,Total,4037,0,0
23,442,Rajgarh,Rural,2233,0,0
23,442,Rajgarh,Urban,1804,0,0
23,443,Vidisha,Total,5552,0,0
23,443,Vidisha,Rural,3781,0,0
23,443,Vidisha,Urban,1771,0,0
23,444,Bhopal,Total,18940,0,0
23,444,Bhopal,Rural,4204,0,0
23,444,Bhopal,Urban,14736,0,0
23,445,Sehore,Total,11047,0,0
23,445,Sehore,Rural,8323,0,0
23,445,Sehore,Urban,2724,0,0
23,446,Raisen,Total,9130,0,0
23,446,Raisen,Rural,5218,0,0
23,446,Raisen,Urban,3912,0,0
23,447,Betul,Total,11501,0,0
23,447,Betul,Rural,7173,0,0
23,447,Betul,Urban,4328,0,0
23,448,Harda,Total,4839,0,0
23,448,Harda,Rural,3337,0,0
23,448,Harda,Urban,1502,0,0
23,449,Hoshangabad,Total,7951,0,0
23,449,Hoshangabad,Rural,3962,0,0
23,449,Hoshangabad,Urban,3989,0,0
23,450,Katni,Total,4568,0,0
23,450,Katni,Rural,3082,0,0
23,450,Katni,Urban,1486,0,0
23,451,Jabalpur,Total,16685,0,0
23,451,Jabalpur,Rural,6241,0,0
23,451,Jabalpur,Urban,10444,0,0
23,452,Narsimhapur,Total,5597,0,0
23,452,Narsimhapur,Rural,3991,0,0
23,452,Narsimhapur,Urban,1606,0,0
23,453,Dindori,Total,2215,0,0
23,453,Dindori,Rural,1867,0,0
23,453,Dindori,Urban,348,0,0
23,454,Mandla,Total,4642,0,0
23,454,Mandla,Rural,3400,0,0
23,454,Mandla,Urban,1242,0,0
23,455,Chhindwara,Total,11307,0,0
23,455,Chhindwara,Rural,7217,0,0
23,455,Chhindwara,Urban,4090,0,0
23,456,Seoni,Total,6483,0,0
23,456,Seoni,Rural,4878,0,0
23,456,Seoni,Urban,1605,0,0
23,457,Balaghat,Total,6938,0,0
23,457,Balaghat,Rural,4892,0,0
23,457,Balaghat,Urban,2046,0,0
23,458,Guna,Total,4328,0,0
23,458,Guna,Rural,2540,0,0
23,458,Guna,Urban,1788,0,0
23,459,Ashoknagar,Total,2075,0,0
23,459,Ashoknagar,Rural,1248,0,0
23,459,Ashoknagar,Urban,827,0,0
23,460,Shahdol,Total,3499,0,0
23,460,Shahdol,Rural,1823,0,0
23,460,Shahdol,Urban,1676,0,0
23,461,Anuppur,Total,3344,0,0
23,461,Anuppur,Rural,1443,0,0
23,461,Anuppur,Urban,1901,0,0
23,462,Sidhi,Total,3241,0,0
23,462,Sidhi,Rural,2440,0,0
23,462,Sidhi,Urban,801,0,0
23,463,Singrauli,Total,13058,0,0
23,463,Singrauli,Rural,10469,0,0
23,463,Singrauli,Urban,2589,0,0
23,464,Jhabua,Total,9622,0,0
23,464,Jhabua,Rural,7872,0,0
23,464,Jhabua,Urban,1750,0,0
23,465,Alirajpur,Total,4691,0,0
23,465,Alirajpur,Rural,3694,0,0
23,465,Alirajpur,Urban,997,0,0
23,466,Khandwa (East Nimar),Total,8038,0,0
23,466,Khandwa (East Nimar),Rural,5875,0,0
23,466,Khandwa (East Nimar),Urban,2163,0,0
23,467,Burhanpur,Total,4815,0,0
23,467,Burhanpur,Rural,3608,0,0
23,467,Burhanpur,Urban,1207,0,0
27,0,MAHARASHTRA,Total,1448382,0,0
27,0,MAHARASHTRA,Rural,757872,0,0
27,0,MAHARASHTRA,Urban,690510,0,0
27,497,Nandurbar,Total,16944,0,0
27,497,Nandurbar,Rural,12730,0,0
27,497,Nandurbar,Urban,4214,0,0
27,498,Dhule,Total,25232,0,0
27,498,Dhule,Rural,20137,0,0
27,498,Dhule,Urban,5095,0,0
27,499,Jalgaon,Total,41316,0,0
27,499,Jalgaon,Rural,29364,0,0
27,499,Jalgaon,Urban,11952,0,0
27,500,Buldana,Total,20834,0,0
27,500,Buldana,Rural,16750,0,0
27,500,Buldana,Urban,4084,0,0
27,501,Akola,Total,14589,0,0
27,501,Akola,Rural,9776,0,0
27,501,Akola,Urban,4813,0,0
27,502,Washim,Total,7697,0,0
27,502,Washim,Rural,6314,0,0
27,502,Washim,Urban,1383,0,0
27,503,Amravati,Total,21305,0,0
27,503,Amravati,Rural,14351,0,0
27,503,Amravati,Urban,6954,0,0
27,504,Wardha,Total,18004,0,0
27,504,Wardha,Rural,11866,0,0
27,504,Wardha,Urban,6138,0,0
27,505,Nagpur,Total,50768,0,0
27,505,Nagpur,Rural,26003,0,0
27,505,Nagpur,Urban,24765,0,0
27,506,Bhandara,Total,7604,0,0
27,506,Bhandara,Rural,5106,0,0
27,506,Bhandara,Urban,2498,0,0
27,507,Gondiya,Total,8592,0,0
27,507,Gondiya,Rural,6287,0,0
27,507,Gondiya,Urban,2305,0,0
27,508,Gadchiroli,Total,11731,0,0
27,508,Gadchiroli,Rural,9725,0,0
27,508,Gadchiroli,Urban,2006,0,0
27,509,Chandrapur,Total,21889,0,0
27,509,Chandrapur,Rural,14528,0,0
27,509,Chandrapur,Urban,7361,0,0
27,510,Yavatmal,Total,25553,0,0
27,510,Yavatmal,Rural,18471,0,0
27,510,Yavatmal,Urban,7082,0,0
27,511,Nanded,Total,16953,0,0
27,511,Nanded,Rural,10662,0,0
27,511,Nanded,Urban,6291,0,0
27,512,Hingoli,Total,4778,0,0
27,512,Hingoli,Rural,3126,0,0
27,512,Hingoli,Urban,1652,0,0
27,513,Parbhani,Total,7628,0,0
27,513,Parbhani,Rural,4068,0,0
27,513,Parbhani,Urban,3560,0,0
27,514,Jalna,Total,10732,0,0
27,514,Jalna,Rural,7769,0,0
27,514,Jalna,Urban,2963,0,0
27,515,Aurangabad,Total,35221,0,0
27,515,Aurangabad,Rural,17450,0,0
27,515,Aurangabad,Urban,17771,0,0
27,516,Nashik,Total,92891,0,0
27,516,Nashik,Rural,58319,0,0
27,516,Nashik,Urban,34572,0,0
27,517,Thane,Total,259969,0,0
27,517,Thane,Rural,66623,0,0
27,517,Thane,Urban,193346,0,0
27,518,Mumbai Suburban,Total,79038,0,0
27,518,Mumbai Suburban,Rural,0,0,0
27,518,Mumbai Suburban,Urban,79038,0,0
27,519,Mumbai,Total,24933,0,0
27,519,Mumbai,Rural,0,0,0
27,519,Mumbai,Urban,24933,0,0
27,520,Raigarh,Total,55537,0,0
27,520,Raigarh,Rural,30066,0,0
27,520,Raigarh,Urban,25471,0,0
27,521,Pune,Total,223062,0,0
27,521,Pune,Rural,87224,0,0
27,521,Pune,Urban,135838,0,0
27,522,Ahmadnagar,Total,77038,0,0
27,522,Ahmadnagar,Rural,64278,0,0
27,522,Ahmadnagar,Urban,12760,0,0
27,523,Bid,Total,15240,0,0
27,523,Bid,Rural,10697,0,0
27,523,Bid,Urban,4543,0,0
27,524,Latur,Total,15712,0,0
27,524,Latur,Rural,10340,0,0
27,524,Latur,Urban,5372,0,0
27,525,Osmanabad,Total,12740,0,0
27,525,Osmanabad,Rural,9837,0,0
27,525,Osmanabad,Urban,2903,0,0
27,526,Solapur,Total,53041,0,0
27,526,Solapur,Rural,41077,0,0
27,526,Solapur,Urban,11964,0,0
27,527,Satara,Total,49288,0,0
27,527,Satara,Rural,40566,0,0
27,527,Satara,Urban,8722,0,0
27,528,Ratnagiri,Total,21021,0,0
27,528,Ratnagiri,Rural,17441,0,0
27,528,Ratnagiri,Urban,3580,0,0
27,529,Sindhudurg,Total,15301,0,0
27,529,Sindhudurg,Rural,12091,0,0
27,529,Sindhudurg,Urban,3210,0,0
27,530,Kolhapur,Total,48162,0,0
27,530,Kolhapur,Rural,34474,0,0
27,530,Kolhapur,Urban,13688,0,0
27,531,Sangli,Total,38039,0,0
27,531,Sangli,Rural,30356,0,0
27,531,Sangli,Urban,7683,0,0
14,0,MANIPUR,Total,7996,0,0
14,0,MANIPUR,Rural,5212,0,0
14,0,MANIPUR,Urban,2784,0,0
14,272,Senapati,Total,348,0,0
14,272,Senapati,Rural,346,0,0
14,272,Senapati,Urban,2,0,0
14,273,Tamenglong,Total,126,0,0
14,273,Tamenglong,Rural,78,0,0
14,273,Tamenglong,Urban,48,0,0
14,274,Churachandpur,Total,1401,0,0
14,274,Churachandpur,Rural,1303,0,0
14,274,Churachandpur,Urban,98,0,0
14,275,Bishnupur,Total,264,0,0
14,275,Bishnupur,Rural,159,0,0
14,275,Bishnupur,Urban,105,0,0
14,276,Thoubal,Total,364,0,0
14,276,Thoubal,Rural,196,0,0
14,276,Thoubal,Urban,168,0,0
14,277,Imphal West,Total,1469,0,0
14,277,Imphal West,Rural,254,0,0
14,277,Imphal West,Urban,1215,0,0
14,278,Imphal East,Total,985,0,0
14,278,Imphal East,Rural,413,0,0
14,278,Imphal East,Urban,572,0,0
14,279,Ukhrul,Total,2896,0,0
14,279,Ukhrul,Rural,2373,0,0
14,279,Ukhrul,Urban,523,0,0
14,280,Chandel,Total,143,0,0
14,280,Chandel,Rural,90,0,0
14,280,Chandel,Urban,53,0,0
17,0,MEGHALAYA,Total,13714,0,0
17,0,MEGHALAYA,Rural,7270,0,0
17,0,MEGHALAYA,Urban,6444,0,0
17,293,West Garo Hills,Total,2650,0,0
17,293,West Garo Hills,Rural,1812,0,0
17,293,West Garo Hills,Urban,838,0,0
17,294,East Garo Hills,Total,1283,0,0
17,294,East Garo Hills,Rural,566,0,0
17,294,East Garo Hills,Urban,717,0,0
17,295,South Garo Hills,Total,664,0,0
17,295,South Garo Hills,Rural,445,0,0
17,295,South Garo Hills,Urban,219,0,0
17,296,West Khasi Hills,Total,1245,0,0
17,296,West Khasi Hills,Rural,964,0,0
17,296,West Khasi Hills,Urban,281,0,0
17,297,Ribhoi,Total,1181,0,0
17,297,Ribhoi,Rural,949,0,0
17,297,Ribhoi,Urban,232,0,0
17,298,East Khasi Hills,Total,5939,0,0
17,298,East Khasi Hills,Rural,1981,0,0
17,298,East Khasi Hills,Urban,3958,0,0
17,299,Jaintia Hills,Total,752,0,0
17,299,Jaintia Hills,Rural,553,0,0
17,299,Jaintia Hills,Urban,199,0,0
15,0, MIZORAM,Total,8944,0,0
15,0, MIZORAM,Rural,3253,0,0
15,0, MIZORAM,Urban,5691,0,0
15,281,Mamit,Total,799,0,0
15,281,Mamit,Rural,612,0,0
15,281,Mamit,Urban,187,0,0
15,282,Kolasib,Total,646,0,0
15,282,Kolasib,Rural,373,0,0
15,282,Kolasib,Urban,273,0,0
15,283,Aizawl,Total,3907,0,0
15,283,Aizawl,Rural,624,0,0
15,283,Aizawl,Urban,3283,0,0
15,284,Champhai,Total,592,0,0
15,284,Champhai,Rural,246,0,0
15,284,Champhai,Urban,346,0,0
15,285,Serchhip,Total,370,0,0
15,285,Serchhip,Rural,184,0,0
15,285,Serchhip,Urban,186,0,0
15,286,Lunglei,Total,1332,0,0
15,286,Lunglei,Rural,442,0,0
15,286,Lunglei,Urban,890,0,0
15,287,Lawngtlai,Total,928,0,0
15,287,Lawngtlai,Rural,716,0,0
15,287,Lawngtlai,Urban,212,0,0
15,288,Saiha,Total,370,0,0
15,288,Saiha,Rural,56,0,0
15,288,Saiha,Urban,314,0,0
13,0,NAGALAND,Total,28975,0,0
13,0,NAGALAND,Rural,18084,0,0
13,0,NAGALAND,Urban,10891,0,0
13,261,Mon,Total,3399,0,0
13,261,Mon,Rural,2065,0,0
13,261,Mon,Urban,1334,0,0
13,262,Mokokchung,Total,3098,0,0
13,262,Mokokchung,Rural,1678,0,0
13,262,Mokokchung,Urban,1420,0,0
13,263,Zunheboto,Total,4793,0,0
13,263,Zunheboto,Rural,4451,0,0
13,263,Zunheboto,Urban,342,0,0
13,264,Wokha,Total,1084,0,0
13,264,Wokha,Rural,758,0,0
13,264,Wokha,Urban,326,0,0
13,265,Dimapur,Total,5827,0,0
13,265,Dimapur,Rural,2944,0,0
13,265,Dimapur,Urban,2883,0,0
13,266,Phek,Total,1832,0,0
13,266,Phek,Rural,1502,0,0
13,266,Phek,Urban,330,0,0
13,267,Tuensang,Total,2048,0,0
13,267,Tuensang,Rural,1693,0,0
13,267,Tuensang,Urban,355,0,0
13,268,Longleng,Total,817,0,0
13,268,Longleng,Rural,657,0,0
13,268,Longleng,Urban,160,0,0
13,269,Kiphire,Total,831,0,0
13,269,Kiphire,Rural,563,0,0
13,269,Kiphire,Urban,268,0,0
13,270,Kohima,Total,4340,0,0
13,270,Kohima,Rural,1037,0,0
13,270,Kohima,Urban,3303,0,0
13,271,Peren,Total,906,0,0
13,271,Peren,Rural,736,0,0
13,271,Peren,Urban,170,0,0
7,0, NCT OF DELHI,Total,126225,0,0
7,0, NCT OF DELHI,Rural,3509,0,0
7,0, NCT OF DELHI,Urban,122716,0,0
7,90,North West,Total,23479,0,0
7,90,North West,Rural,1762,0,0
7,90,North West,Urban,20817,0,0
7,91,North,Total,4385,0,0
7,91,North,Rural,85,0,0
7,91,North,Urban,4300,0,0
7,92,North East,Total,9993,0,0
7,92,North East,Rural,84,0,0
7,92,North East,Urban,9909,0,0
7,93,East,Total,12820,0,0
7,93,East,Rural,14,0,0
7,93,East,Urban,12806,0,0
7,94,New Delhi,Total,3160,0,0
7,94,New Delhi,Rural,0,0,0
7,94,New Delhi,Urban,3160,0,0
7,95,Central,Total,2651,0,0
7,95,Central,Rural,0,0,0
7,95,Central,Urban,2651,0,0
7,96,West,Total,16374,0,0
7,96,West,Rural,44,0,0
7,96,West,Urban,16330,0,0
7,97,South West,Total,29051,0,0
7,97,South West,Rural,1205,0,0
7,97,South West,Urban,27846,0,0
7,98,South,Total,24222,0,0
7,98,South,Rural,315,0,0
7,98,South,Urban,23907,0,0
21,0,ODISHA,Total,209784,0,0
21,0,ODISHA,Rural,138509,0,0
21,0,ODISHA,Urban,71275,0,0
21,370,Bargarh,Total,3531,0,0
21,370,Bargarh,Rural,2630,0,0
21,370,Bargarh,Urban,901,0,0
21,371,Jharsuguda,Total,5016,0,0
21,371,Jharsuguda,Rural,2497,0,0
21,371,Jharsuguda,Urban,2519,0,0
21,372,Sambalpur,Total,6385,0,0
21,372,Sambalpur,Rural,4089,0,0
21,372,Sambalpur,Urban,2296,0,0
21,373,Debagarh,Total,1023,0,0
21,373,Debagarh,Rural,646,0,0
21,373,Debagarh,Urban,377,0,0
21,374,Sundargarh,Total,14050,0,0
21,374,Sundargarh,Rural,6680,0,0
21,374,Sundargarh,Urban,7370,0,0
21,375,Kendujhar,Total,8860,0,0
21,375,Kendujhar,Rural,6468,0,0
21,375,Kendujhar,Urban,2392,0,0
21,376,Mayurbhanj,Total,9801,0,0
21,376,Mayurbhanj,Rural,7589,0,0
21,376,Mayurbhanj,Urban,2212,0,0
21,377,Baleshwar,Total,7428,0,0
21,377,Baleshwar,Rural,6082,0,0
21,377,Baleshwar,Urban,1346,0,0
21,378,Bhadrak,Total,3264,0,0
21,378,Bhadrak,Rural,2501,0,0
21,378,Bhadrak,Urban,763,0,0
21,379,Kendrapara,Total,6997,0,0
21,379,Kendrapara,Rural,5337,0,0
21,379,Kendrapara,Urban,1660,0,0
21,380,Jagatsinghapur,Total,4773,0,0
21,380,Jagatsinghapur,Rural,3263,0,0
21,380,Jagatsinghapur,Urban,1510,0,0
21,381,Cuttack,Total,12846,0,0
21,381,Cuttack,Rural,5541,0,0
21,381,Cuttack,Urban,7305,0,0
21,382,Jajapur,Total,5796,0,0
21,382,Jajapur,Rural,4391,0,0
21,382,Jajapur,Urban,1405,0,0
21,383,Dhenkanal,Total,5271,0,0
21,383,Dhenkanal,Rural,3993,0,0
21,383,Dhenkanal,Urban,1278,0,0
21,384,Anugul,Total,6308,0,0
21,384,Anugul,Rural,3813,0,0
21,384,Anugul,Urban,2495,0,0
21,385,Nayagarh,Total,3374,0,0
21,385,Nayagarh,Rural,2821,0,0
21,385,Nayagarh,Urban,553,0,0
21,386,Khordha,Total,19866,0,0
21,386,Khordha,Rural,4715,0,0
21,386,Khordha,Urban,15151,0,0
21,387,Puri,Total,5454,0,0
21,387,Puri,Rural,3728,0,0
21,387,Puri,Urban,1726,0,0
21,388,Ganjam,Total,34670,0,0
21,388,Ganjam,Rural,26988,0,0
21,388,Ganjam,Urban,7682,0,0
21,389,Gajapati,Total,3682,0,0
21,389,Gajapati,Rural,2842,0,0
21,389,Gajapati,Urban,840,0,0
21,390,Kandhamal,Total,5074,0,0
21,390,Kandhamal,Rural,3750,0,0
21,390,Kandhamal,Urban,1324,0,0
21,391,Baudh,Total,1374,0,0
21,391,Baudh,Rural,1250,0,0
21,391,Baudh,Urban,124,0,0
21,392,Subarnapur,Total,1355,0,0
21,392,Subarnapur,Rural,911,0,0
21,392,Subarnapur,Urban,444,0,0
21,393,Balangir,Total,5092,0,0
21,393,Balangir,Rural,3838,0,0
21,393,Balangir,Urban,1254,0,0
21,394,Nuapada,Total,3068,0,0
21,394,Nuapada,Rural,2791,0,0
21,394,Nuapada,Urban,277,0,0
21,395,Kalahandi,Total,4063,0,0
21,395,Kalahandi,Rural,3387,0,0
21,395,Kalahandi,Urban,676,0,0
21,396,Rayagada,Total,5289,0,0
21,396,Rayagada,Rural,3981,0,0
21,396,Rayagada,Urban,1308,0,0
21,397,Nabarangapur,Total,3978,0,0
21,397,Nabarangapur,Rural,3366,0,0
21,397,Nabarangapur,Urban,612,0,0
21,398,Koraput,Total,8381,0,0
21,398,Koraput,Rural,5751,0,0
21,398,Koraput,Urban,2630,0,0
21,399,Malkangiri,Total,3715,0,0
21,399,Malkangiri,Rural,2870,0,0
21,399,Malkangiri,Urban,845,0,0
34,0, PUDUCHERRY,Total,10895,0,0
34,0, PUDUCHERRY,Rural,2366,0,0
34,0, PUDUCHERRY,Urban,8529,0,0
34,634,Yanam,Total,482,0,0
34,634,Yanam,Rural,0,0,0
34,634,Yanam,Urban,482,0,0
34,635,Puducherry,Total,7677,0,0
34,635,Puducherry,Rural,1471,0,0
34,635,Puducherry,Urban,6206,0,0
34,636,Mahe,Total,1042,0,0
34,636,Mahe,Rural,0,0,0
34,636,Mahe,Urban,1042,0,0
34,637,Karaikal,Total,1694,0,0
34,637,Karaikal,Rural,895,0,0
34,637,Karaikal,Urban,799,0,0
3,0,PUNJAB,Total,211912,0,0
3,0,PUNJAB,Rural,69969,0,0
3,0,PUNJAB,Urban,60943,0,0
3,35,Gurdaspur,Total,7109,0,0
3,35,Gurdaspur,Rural,3056,0,0
3,35,Gurdaspur,Urban,4053,0,0
3,36,Kapurthala,Total,6168,0,0
3,36,Kapurthala,Rural,1865,0,0
3,36,Kapurthala,Urban,3043,0,0
3,37,Jalandhar,Total,18263,0,0
3,37,Jalandhar,Rural,3640,0,0
3,37,Jalandhar,Urban,11923,0,0
3,38,Hoshiarpur,Total,15410,0,0
3,38,Hoshiarpur,Rural,11854,0,0
3,38,Hoshiarpur,Urban,3556,0,0
3,39,Shahid Bhagat Singh Nagar,Total,5744,0,0
3,39,Shahid Bhagat Singh Nagar,Rural,4397,0,0
3,39,Shahid Bhagat Singh Nagar,Urban,1347,0,0
3,40,Fatehgarh Sahib,Total,4234,0,0
3,40,Fatehgarh Sahib,Rural,3852,0,0
3,40,Fatehgarh Sahib,Urban,2182,0,0
3,41,Ludhiana,Total,28324,0,0
3,41,Ludhiana,Rural,5598,0,0
3,41,Ludhiana,Urban,18226,0,0
3,42,Moga,Total,6602,0,0
3,42,Moga,Rural,4589,0,0
3,42,Moga,Urban,2013,0,0
3,43,Firozpur,Total,10766,0,0
3,43,Firozpur,Rural,7254,0,0
3,43,Firozpur,Urban,3512,0,0
3,44,Muktsar,Total,4406,0,0
3,44,Muktsar,Rural,2961,0,0
3,44,Muktsar,Urban,1445,0,0
3,45,Faridkot,Total,3871,0,0
3,45,Faridkot,Rural,2648,0,0
3,45,Faridkot,Urban,1223,0,0
3,46,Bathinda,Total,21037,0,0
3,46,Bathinda,Rural,15423,0,0
3,46,Bathinda,Urban,5704,0,0
3,47,Mansa,Total,3424,0,0
3,47,Mansa,Rural,5131,0,0
3,47,Mansa,Urban,993,0,0
3,48,Patiala,Total,17145,0,0
3,48,Patiala,Rural,8679,0,0
3,48,Patiala,Urban,5766,0,0
3,49,Amritsar,Total,10688,0,0
3,49,Amritsar,Rural,2162,0,0
3,49,Amritsar,Urban,8526,0,0
3,50,Tarn Taran,Total,3163,0,0
3,50,Tarn Taran,Rural,2476,0,0
3,50,Tarn Taran,Urban,687,0,0
3,51,Rupnagar,Total,6171,0,0
3,51,Rupnagar,Rural,4628,0,0
3,51,Rupnagar,Urban,1543,0,0
3,52,Sahibzada Ajit Singh Nagar,Total,18441,0,0
3,52,Sahibzada Ajit Singh Nagar,Rural,6066,0,0
3,52,Sahibzada Ajit Singh Nagar,Urban,13005,0,0
3,53,Sangrur,Total,10067,0,0
3,53,Sangrur,Rural,6105,0,0
3,53,Sangrur,Urban,3962,0,0
3,54,Barnala,Total,2509,0,0
3,54,Barnala,Rural,4035,0,0
3,54,Barnala,Urban,1534,0,0
8,0,RAJASTHAN,Total,347280,0,0
8,0,RAJASTHAN,Rural,237611,0,0
8,0,RAJASTHAN,Urban,109669,0,0
8,99,Ganganagar,Total,29230,0,0
8,99,Ganganagar,Rural,24933,0,0
8,99,Ganganagar,Urban,4297,0,0
8,100,Hanumangarh,Total,19375,0,0
8,100,Hanumangarh,Rural,17438,0,0
8,100,Hanumangarh,Urban,1937,0,0
8,101,Bikaner,Total,8441,0,0
8,101,Bikaner,Rural,5520,0,0
8,101,Bikaner,Urban,2921,0,0
8,102,Churu,Total,6549,0,0
8,102,Churu,Rural,4905,0,0
8,102,Churu,Urban,1644,0,0
8,103,Jhunjhunun,Total,18563,0,0
8,103,Jhunjhunun,Rural,13952,0,0
8,103,Jhunjhunun,Urban,4611,0,0
8,104,Alwar,Total,19358,0,0
8,104,Alwar,Rural,13040,0,0
8,104,Alwar,Urban,6318,0,0
8,105,Bharatpur,Total,4949,0,0
8,105,Bharatpur,Rural,2659,0,0
8,105,Bharatpur,Urban,2290,0,0
8,106,Dhaulpur,Total,5777,0,0
8,106,Dhaulpur,Rural,4722,0,0
8,106,Dhaulpur,Urban,155,0,0
8,107,Karauli,Total,5184,0,0
8,107,Karauli,Rural,4199,0,0
8,107,Karauli,Urban,985,0,0
8,108,Sawai Madhopur,Total,4797,0,0
8,108,Sawai Madhopur,Rural,3469,0,0
8,108,Sawai Madhopur,Urban,1328,0,0
8,109,Dausa,Total,3657,0,0
8,109,Dausa,Rural,2675,0,0
8,109,Dausa,Urban,982,0,0
8,110,Jaipur,Total,26265,0,0
8,110,Jaipur,Rural,9680,0,0
8,110,Jaipur,Urban,16585,0,0
8,111,Sikar,Total,12875,0,0
8,111,Sikar,Rural,10634,0,0
8,111,Sikar,Urban,2241,0,0
8,112,Nagaur,Total,14829,0,0
8,112,Nagaur,Rural,7979,0,0
8,112,Nagaur,Urban,6850,0,0
8,113,Jodhpur,Total,12887,0,0
8,113,Jodhpur,Rural,5852,0,0
8,113,Jodhpur,Urban,7035,0,0
8,114,Jaisalmer,Total,4731,0,0
8,114,Jaisalmer,Rural,2941,0,0
8,114,Jaisalmer,Urban,1790,0,0
8,115,Barmer,Total,5861,0,0
8,115,Barmer,Rural,5183,0,0
8,115,Barmer,Urban,678,0,0
8,116,Jalor,Total,9423,0,0
8,116,Jalor,Rural,8595,0,0
8,116,Jalor,Urban,828,0,0
8,117,Sirohi,Total,7011,0,0
8,117,Sirohi,Rural,5544,0,0
8,117,Sirohi,Urban,1467,0,0
8,118,Pali,Total,10263,0,0
8,118,Pali,Rural,7434,0,0
8,118,Pali,Urban,2829,0,0
8,119,Ajmer,Total,10668,0,0
8,119,Ajmer,Rural,5606,0,0
8,119,Ajmer,Urban,5062,0,0
8,120,Tonk,Total,7076,0,0
8,120,Tonk,Rural,3426,0,0
8,120,Tonk,Urban,3650,0,0
8,121,Bundi,Total,7022,0,0
8,121,Bundi,Rural,5308,0,0
8,121,Bundi,Urban,1714,0,0
8,122,Bhilwara,Total,13816,0,0
8,122,Bhilwara,Rural,10178,0,0
8,122,Bhilwara,Urban,3638,0,0
8,123,Rajsamand,Total,7111,0,0
8,123,Rajsamand,Rural,5699,0,0
8,123,Rajsamand,Urban,1412,0,0
8,124,Dungarpur,Total,9260,0,0
8,124,Dungarpur,Rural,8514,0,0
8,124,Dungarpur,Urban,746,0,0
8,125,Banswara,Total,3017,0,0
8,125,Banswara,Rural,5292,0,0
8,125,Banswara,Urban,1325,0,0
8,126,Chittaurgarh,Total,8034,0,0
8,126,Chittaurgarh,Rural,5675,0,0
8,126,Chittaurgarh,Urban,2359,0,0
8,127,Kota,Total,17576,0,0
8,127,Kota,Rural,4475,0,0
8,127,Kota,Urban,13101,0,0
8,128,Baran,Total,6031,0,0
8,128,Baran,Rural,4354,0,0
8,128,Baran,Urban,1677,0,0
8,129,Jhalawar,Total,6874,0,0
8,129,Jhalawar,Rural,5034,0,0
8,129,Jhalawar,Urban,1840,0,0
8,130,Udaipur,Total,14366,0,0
8,130,Udaipur,Rural,10417,0,0
8,130,Udaipur,Urban,3949,0,0
8,131,Pratapgarh,Total,2804,0,0
8,131,Pratapgarh,Rural,2279,0,0
8,131,Pratapgarh,Urban,525,0,0
11,0,SIKKIM,Total,12257,0,0
11,0,SIKKIM,Rural,8496,0,0
11,0,SIKKIM,Urban,3761,0,0
11,241,North  District,Total,2176,0,0
11,241,North  District,Rural,1961,0,0
11,241,North  District,Urban,215,0,0
11,242,West District,Total,813,0,0
11,242,West District,Rural,745,0,0
11,242,West District,Urban,68,0,0
11,243,South District,Total,2640,0,0
11,243,South District,Rural,2140,0,0
11,243,South District,Urban,500,0,0
11,244,East District,Total,6628,0,0
11,244,East District,Rural,3650,0,0
11,244,East District,Urban,2978,0,0
33,0,TAMIL NADU,Total,561320,0,0
33,0,TAMIL NADU,Rural,211988,0,0
33,0,TAMIL NADU,Urban,349332,0,0
33,602,Thiruvallur,Total,52812,0,0
33,602,Thiruvallur,Rural,11217,0,0
33,602,Thiruvallur,Urban,41595,0,0
33,603,Chennai,Total,22771,0,0
33,603,Chennai,Rural,0,0,0
33,603,Chennai,Urban,22771,0,0
33,604,Kancheepuram,Total,69026,0,0
33,604,Kancheepuram,Rural,15848,0,0
33,604,Kancheepuram,Urban,53178,0,0
33,605,Vellore,Total,21507,0,0
33,605,Vellore,Rural,6654,0,0
33,605,Vellore,Urban,14853,0,0
33,606,Tiruvannamalai,Total,7899,0,0
33,606,Tiruvannamalai,Rural,5615,0,0
33,606,Tiruvannamalai,Urban,2284,0,0
33,607,Viluppuram,Total,13332,0,0
33,607,Viluppuram,Rural,10545,0,0
33,607,Viluppuram,Urban,2787,0,0
33,608,Salem,Total,19152,0,0
33,608,Salem,Rural,8408,0,0
33,608,Salem,Urban,10744,0,0
33,609,Namakkal,Total,30170,0,0
33,609,Namakkal,Rural,21264,0,0
33,609,Namakkal,Urban,8906,0,0
33,610,Erode,Total,23120,0,0
33,610,Erode,Rural,9589,0,0
33,610,Erode,Urban,13531,0,0
33,611,The Nilgiris,Total,4469,0,0
33,611,The Nilgiris,Rural,1392,0,0
33,611,The Nilgiris,Urban,3077,0,0
33,612,Dindigul,Total,11481,0,0
33,612,Dindigul,Rural,5736,0,0
33,612,Dindigul,Urban,5745,0,0
33,613,Karur,Total,9607,0,0
33,613,Karur,Rural,3884,0,0
33,613,Karur,Urban,5723,0,0
33,614,Tiruchirappalli,Total,24182,0,0
33,614,Tiruchirappalli,Rural,8828,0,0
33,614,Tiruchirappalli,Urban,15354,0,0
33,615,Perambalur,Total,5438,0,0
33,615,Perambalur,Rural,4663,0,0
33,615,Perambalur,Urban,775,0,0
33,616,Ariyalur,Total,3194,0,0
33,616,Ariyalur,Rural,2554,0,0
33,616,Ariyalur,Urban,640,0,0
33,617,Cuddalore,Total,12166,0,0
33,617,Cuddalore,Rural,5856,0,0
33,617,Cuddalore,Urban,6310,0,0
33,618,Nagapattinam,Total,8133,0,0
33,618,Nagapattinam,Rural,5002,0,0
33,618,Nagapattinam,Urban,3131,0,0
33,619,Thiruvarur,Total,6235,0,0
33,619,Thiruvarur,Rural,4613,0,0
33,619,Thiruvarur,Urban,1622,0,0
33,620,Thanjavur,Total,17865,0,0
33,620,Thanjavur,Rural,10299,0,0
33,620,Thanjavur,Urban,7566,0,0
33,621,Pudukkottai,Total,8525,0,0
33,621,Pudukkottai,Rural,5730,0,0
33,621,Pudukkottai,Urban,2795,0,0
33,622,Sivaganga,Total,7471,0,0
33,622,Sivaganga,Rural,4275,0,0
33,622,Sivaganga,Urban,3196,0,0
33,623,Madurai,Total,21330,0,0
33,623,Madurai,Rural,5016,0,0
33,623,Madurai,Urban,16314,0,0
33,624,Theni,Total,7424,0,0
33,624,Theni,Rural,3886,0,0
33,624,Theni,Urban,3538,0,0
33,625,Virudhunagar,Total,12706,0,0
33,625,Virudhunagar,Rural,6608,0,0
33,625,Virudhunagar,Urban,6098,0,0
33,626,Ramanathapuram,Total,3895,0,0
33,626,Ramanathapuram,Rural,2102,0,0
33,626,Ramanathapuram,Urban,1793,0,0
33,627,Thoothukkudi,Total,11379,0,0
33,627,Thoothukkudi,Rural,4467,0,0
33,627,Thoothukkudi,Urban,6912,0,0
33,628,Tirunelveli,Total,18665,0,0
33,628,Tirunelveli,Rural,8120,0,0
33,628,Tirunelveli,Urban,10545,0,0
33,629,Kanniyakumari,Total,8705,0,0
33,629,Kanniyakumari,Rural,1197,0,0
33,629,Kanniyakumari,Urban,7508,0,0
33,630,Dharmapuri,Total,8677,0,0
33,630,Dharmapuri,Rural,6389,0,0
33,630,Dharmapuri,Urban,2288,0,0
33,631,Krishnagiri,Total,11778,0,0
33,631,Krishnagiri,Rural,6672,0,0
33,631,Krishnagiri,Urban,5106,0,0
33,632,Coimbatore,Total,42687,0,0
33,632,Coimbatore,Rural,6708,0,0
33,632,Coimbatore,Urban,35979,0,0
33,633,Tiruppur,Total,35519,0,0
33,633,Tiruppur,Rural,8851,0,0
33,633,Tiruppur,Urban,26668,0,0
16,0,TRIPURA,Total,29788,0,0
16,0,TRIPURA,Rural,23184,0,0
16,0,TRIPURA,Urban,6604,0,0
16,289,West Tripura,Total,14115,0,0
16,289,West Tripura,Rural,9692,0,0
16,289,West Tripura,Urban,4423,0,0
16,290,South Tripura,Total,7626,0,0
16,290,South Tripura,Rural,6903,0,0
16,290,South Tripura,Urban,723,0,0
16,291,Dhalai,Total,3216,0,0
16,291,Dhalai,Rural,2900,0,0
16,291,Dhalai,Urban,316,0,0
16,292,North Tripura,Total,4831,0,0
16,292,North Tripura,Rural,3689,0,0
16,292,North Tripura,Urban,1142,0,0
9,0,UTTAR PRADESH,Total,532674,0,0
9,0,UTTAR PRADESH,Rural,262563,0,0
9,0,UTTAR PRADESH,Urban,270111,0,0
9,132,Saharanpur,Total,8560,0,0
9,132,Saharanpur,Rural,3679,0,0
9,132,Saharanpur,Urban,4881,0,0
9,133,Muzaffarnagar,Total,10283,0,0
9,133,Muzaffarnagar,Rural,5197,0,0
9,133,Muzaffarnagar,Urban,5086,0,0
9,134,Bijnor,Total,6339,0,0
9,134,Bijnor,Rural,3737,0,0
9,134,Bijnor,Urban,2602,0,0
9,135,Moradabad,Total,12161,0,0
9,135,Moradabad,Rural,4170,0,0
9,135,Moradabad,Urban,7991,0,0
9,136,Rampur,Total,3530,0,0
9,136,Rampur,Rural,2012,0,0
9,136,Rampur,Urban,1518,0,0
9,137,Jyotiba Phule Nagar,Total,3534,0,0
9,137,Jyotiba Phule Nagar,Rural,2596,0,0
9,137,Jyotiba Phule Nagar,Urban,938,0,0
9,138,Meerut,Total,13526,0,0
9,138,Meerut,Rural,3480,0,0
9,138,Meerut,Urban,10046,0,0
9,139,Baghpat,Total,8445,0,0
9,139,Baghpat,Rural,7546,0,0
9,139,Baghpat,Urban,899,0,0
9,140,Ghaziabad,Total,47974,0,0
9,140,Ghaziabad,Rural,9212,0,0
9,140,Ghaziabad,Urban,38762,0,0
9,141,Gautam Buddha Nagar,Total,28186,0,0
9,141,Gautam Buddha Nagar,Rural,2218,0,0
9,141,Gautam Buddha Nagar,Urban,25968,0,0
9,142,Bulandshahr,Total,9533,0,0
9,142,Bulandshahr,Rural,5829,0,0
9,142,Bulandshahr,Urban,3704,0,0
9,143,Aligarh,Total,15492,0,0
9,143,Aligarh,Rural,7274,0,0
9,143,Aligarh,Urban,8218,0,0
9,144,Mahamaya Nagar,Total,2343,0,0
9,144,Mahamaya Nagar,Rural,1549,0,0
9,144,Mahamaya Nagar,Urban,794,0,0
9,145,Mathura,Total,11149,0,0
9,145,Mathura,Rural,5499,0,0
9,145,Mathura,Urban,5650,0,0
9,146,Agra,Total,11966,0,0
9,146,Agra,Rural,3886,0,0
9,146,Agra,Urban,8080,0,0
9,147,Firozabad,Total,8737,0,0
9,147,Firozabad,Rural,3853,0,0
9,147,Firozabad,Urban,4884,0,0
9,148,Mainpuri,Total,3762,0,0
9,148,Mainpuri,Rural,2235,0,0
9,148,Mainpuri,Urban,1527,0,0
9,149,Budaun,Total,5243,0,0
9,149,Budaun,Rural,3875,0,0
9,149,Budaun,Urban,1368,0,0
9,150,Bareilly,Total,11748,0,0
9,150,Bareilly,Rural,4866,0,0
9,150,Bareilly,Urban,6882,0,0
9,151,Pilibhit,Total,3123,0,0
9,151,Pilibhit,Rural,1361,0,0
9,151,Pilibhit,Urban,1762,0,0
9,152,Shahjahanpur,Total,4256,0,0
9,152,Shahjahanpur,Rural,2610,0,0
9,152,Shahjahanpur,Urban,1646,0,0
9,153,Kheri,Total,6860,0,0
9,153,Kheri,Rural,4869,0,0
9,153,Kheri,Urban,1991,0,0
9,154,Sitapur,Total,8963,0,0
9,154,Sitapur,Rural,3912,0,0
9,154,Sitapur,Urban,5051,0,0
9,155,Hardoi,Total,4051,0,0
9,155,Hardoi,Rural,2267,0,0
9,155,Hardoi,Urban,1784,0,0
9,156,Unnao,Total,6381,0,0
9,156,Unnao,Rural,3787,0,0
9,156,Unnao,Urban,2594,0,0
9,157,Lucknow,Total,26325,0,0
9,157,Lucknow,Rural,5816,0,0
9,157,Lucknow,Urban,20509,0,0
9,158,Rae Bareli,Total,7073,0,0
9,158,Rae Bareli,Rural,5755,0,0
9,158,Rae Bareli,Urban,1318,0,0
9,159,Farrukhabad,Total,6471,0,0
9,159,Farrukhabad,Rural,5178,0,0
9,159,Farrukhabad,Urban,1293,0,0
9,160,Kannauj,Total,3323,0,0
9,160,Kannauj,Rural,2599,0,0
9,160,Kannauj,Urban,724,0,0
9,161,Etawah,Total,6941,0,0
9,161,Etawah,Rural,5173,0,0
9,161,Etawah,Urban,1768,0,0
9,162,Auraiya,Total,4157,0,0
9,162,Auraiya,Rural,2099,0,0
9,162,Auraiya,Urban,2058,0,0
9,163,Kanpur Dehat,Total,3519,0,0
9,163,Kanpur Dehat,Rural,3011,0,0
9,163,Kanpur Dehat,Urban,508,0,0
9,164,Kanpur Nagar,Total,28211,0,0
9,164,Kanpur Nagar,Rural,2356,0,0
9,164,Kanpur Nagar,Urban,25855,0,0
9,165,Jalaun,Total,2609,0,0
9,165,Jalaun,Rural,1111,0,0
9,165,Jalaun,Urban,1498,0,0
9,166,Jhansi,Total,7338,0,0
9,166,Jhansi,Rural,1287,0,0
9,166,Jhansi,Urban,6051,0,0
9,167,Lalitpur,Total,1792,0,0
9,167,Lalitpur,Rural,1097,0,0
9,167,Lalitpur,Urban,695,0,0
9,168,Hamirpur,Total,2987,0,0
9,168,Hamirpur,Rural,898,0,0
9,168,Hamirpur,Urban,2089,0,0
9,169,Mahoba,Total,1487,0,0
9,169,Mahoba,Rural,654,0,0
9,169,Mahoba,Urban,833,0,0
9,170,Banda,Total,2766,0,0
9,170,Banda,Rural,1702,0,0
9,170,Banda,Urban,1064,0,0
9,171,Chitrakoot,Total,1679,0,0
9,171,Chitrakoot,Rural,1308,0,0
9,171,Chitrakoot,Urban,371,0,0
9,172,Fatehpur,Total,3910,0,0
9,172,Fatehpur,Rural,2750,0,0
9,172,Fatehpur,Urban,1160,0,0
9,173,Pratapgarh,Total,5027,0,0
9,173,Pratapgarh,Rural,4705,0,0
9,173,Pratapgarh,Urban,322,0,0
9,174,Kaushambi,Total,1471,0,0
9,174,Kaushambi,Rural,1293,0,0
9,174,Kaushambi,Urban,178,0,0
9,175,Allahabad,Total,19020,0,0
9,175,Allahabad,Rural,7887,0,0
9,175,Allahabad,Urban,11133,0,0
9,176,Bara Banki,Total,6463,0,0
9,176,Bara Banki,Rural,5450,0,0
9,176,Bara Banki,Urban,1013,0,0
9,177,Faizabad,Total,6975,0,0
9,177,Faizabad,Rural,5154,0,0
9,177,Faizabad,Urban,1821,0,0
9,178,Ambedkar Nagar,Total,4547,0,0
9,178,Ambedkar Nagar,Rural,3988,0,0
9,178,Ambedkar Nagar,Urban,559,0,0
9,179,Sultanpur,Total,10275,0,0
9,179,Sultanpur,Rural,9165,0,0
9,179,Sultanpur,Urban,1110,0,0
9,180,Bahraich,Total,5108,0,0
9,180,Bahraich,Rural,4682,0,0
9,180,Bahraich,Urban,426,0,0
9,181,Shrawasti,Total,1187,0,0
9,181,Shrawasti,Rural,1141,0,0
9,181,Shrawasti,Urban,46,0,0
9,182,Balrampur,Total,2505,0,0
9,182,Balrampur,Rural,2146,0,0
9,182,Balrampur,Urban,359,0,0
9,183,Gonda,Total,5707,0,0
9,183,Gonda,Rural,4181,0,0
9,183,Gonda,Urban,1526,0,0
9,184,Siddharthnagar,Total,4078,0,0
9,184,Siddharthnagar,Rural,3729,0,0
9,184,Siddharthnagar,Urban,349,0,0
9,185,Basti,Total,5268,0,0
9,185,Basti,Rural,4934,0,0
9,185,Basti,Urban,334,0,0
9,186,Sant Kabir Nagar,Total,2197,0,0
9,186,Sant Kabir Nagar,Rural,1909,0,0
9,186,Sant Kabir Nagar,Urban,288,0,0
9,187,Mahrajganj,Total,2717,0,0
9,187,Mahrajganj,Rural,2488,0,0
9,187,Mahrajganj,Urban,229,0,0
9,188,Gorakhpur,Total,6809,0,0
9,188,Gorakhpur,Rural,4037,0,0
9,188,Gorakhpur,Urban,2772,0,0
9,189,Kushinagar,Total,3605,0,0
9,189,Kushinagar,Rural,3274,0,0
9,189,Kushinagar,Urban,331,0,0
9,190,Deoria,Total,7366,0,0
9,190,Deoria,Rural,5798,0,0
9,190,Deoria,Urban,1568,0,0
9,191,Azamgarh,Total,6207,0,0
9,191,Azamgarh,Rural,4940,0,0
9,191,Azamgarh,Urban,1267,0,0
9,192,Mau,Total,4351,0,0
9,192,Mau,Rural,3215,0,0
9,192,Mau,Urban,1136,0,0
9,193,Ballia,Total,4135,0,0
9,193,Ballia,Rural,3592,0,0
9,193,Ballia,Urban,543,0,0
9,194,Jaunpur,Total,7884,0,0
9,194,Jaunpur,Rural,7429,0,0
9,194,Jaunpur,Urban,455,0,0
9,195,Ghazipur,Total,4168,0,0
9,195,Ghazipur,Rural,3532,0,0
9,195,Ghazipur,Urban,636,0,0
9,196,Chandauli,Total,2366,0,0
9,196,Chandauli,Rural,1355,0,0
9,196,Chandauli,Urban,1011,0,0
9,197,Varanasi,Total,15206,0,0
9,197,Varanasi,Rural,4300,0,0
9,197,Varanasi,Urban,10906,0,0
9,198,Sant Ravidas Nagar (Bhadohi),Total,2758,0,0
9,198,Sant Ravidas Nagar (Bhadohi),Rural,2330,0,0
9,198,Sant Ravidas Nagar (Bhadohi),Urban,428,0,0
9,199,Mirzapur,Total,4464,0,0
9,199,Mirzapur,Rural,2413,0,0
9,199,Mirzapur,Urban,2051,0,0
9,200,Sonbhadra,Total,3071,0,0
9,200,Sonbhadra,Rural,1426,0,0
9,200,Sonbhadra,Urban,1645,0,0
9,201,Etah,Total,4901,0,0
9,201,Etah,Rural,2769,0,0
9,201,Etah,Urban,2132,0,0
9,202,Kanshiram Nagar,Total,6105,0,0
9,202,Kanshiram Nagar,Rural,4988,0,0
9,202,Kanshiram Nagar,Urban,1117,0,0
5,0,UTTARAKHAND,Total,114791,0,0
5,0,UTTARAKHAND,Rural,68367,0,0
5,0,UTTARAKHAND,Urban,46424,0,0
5,56,Uttarkashi,Total,2641,0,0
5,56,Uttarkashi,Rural,2178,0,0
5,56,Uttarkashi,Urban,463,0,0
5,57,Chamoli,Total,7009,0,0
5,57,Chamoli,Rural,3162,0,0
5,57,Chamoli,Urban,3847,0,0
5,58,Rudraprayag,Total,2204,0,0
5,58,Rudraprayag,Rural,1262,0,0
5,58,Rudraprayag,Urban,942,0,0
5,59,Tehri Garhwal,Total,7608,0,0
5,59,Tehri Garhwal,Rural,5273,0,0
5,59,Tehri Garhwal,Urban,2335,0,0
5,60,Dehradun,Total,28261,0,0
5,60,Dehradun,Rural,13054,0,0
5,60,Dehradun,Urban,15207,0,0
5,61,Garhwal,Total,9118,0,0
5,61,Garhwal,Rural,7524,0,0
5,61,Garhwal,Urban,1594,0,0
5,62,Pithoragarh,Total,8348,0,0
5,62,Pithoragarh,Rural,5266,0,0
5,62,Pithoragarh,Urban,3082,0,0
5,63,Bageshwar,Total,1862,0,0
5,63,Bageshwar,Rural,1790,0,0
5,63,Bageshwar,Urban,72,0,0
5,64,"Almora
",Total,3668,0,0
5,64,"Almora
",Rural,2917,0,0
5,64,"Almora
",Urban,751,0,0
5,65,Champawat,Total,1627,0,0
5,65,Champawat,Rural,1131,0,0
5,65,Champawat,Urban,496,0,0
5,66,Nainital,Total,10445,0,0
5,66,Nainital,Rural,6414,0,0
5,66,Nainital,Urban,4031,0,0
5,67,Udham Singh Nagar,Total,12925,0,0
5,67,Udham Singh Nagar,Rural,7311,0,0
5,67,Udham Singh Nagar,Urban,5614,0,0
5,68,Hardwar,Total,19075,0,0
5,68,Hardwar,Rural,11085,0,0
5,68,Hardwar,Urban,7990,0,0
19,0,WEST BENGAL,Total,311077,0,0
19,0,WEST BENGAL,Rural,141583,0,0
19,0,WEST BENGAL,Urban,169494,0,0
19,327,Darjiling,Total,7567,0,0
19,327,Darjiling,Rural,3526,0,0
19,327,Darjiling,Urban,4041,0,0
19,328,Jalpaiguri,Total,12395,0,0
19,328,Jalpaiguri,Rural,5472,0,0
19,328,Jalpaiguri,Urban,6923,0,0
19,329,Koch Bihar,Total,6201,0,0
19,329,Koch Bihar,Rural,4546,0,0
19,329,Koch Bihar,Urban,1655,0,0
19,330,Uttar Dinajpur,Total,11290,0,0
19,330,Uttar Dinajpur,Rural,4180,0,0
19,330,Uttar Dinajpur,Urban,7110,0,0
19,331,Dakshin Dinajpur,Total,3628,0,0
19,331,Dakshin Dinajpur,Rural,2924,0,0
19,331,Dakshin Dinajpur,Urban,704,0,0
19,332,Maldah,Total,14122,0,0
19,332,Maldah,Rural,5407,0,0
19,332,Maldah,Urban,8715,0,0
19,333,Murshidabad,Total,19315,0,0
19,333,Murshidabad,Rural,13989,0,0
19,333,Murshidabad,Urban,5326,0,0
19,334,Birbhum,Total,8828,0,0
19,334,Birbhum,Rural,7006,0,0
19,334,Birbhum,Urban,1822,0,0
19,335,Barddhaman,Total,27629,0,0
19,335,Barddhaman,Rural,16284,0,0
19,335,Barddhaman,Urban,11345,0,0
19,336,Nadia,Total,22031,0,0
19,336,Nadia,Rural,11456,0,0
19,336,Nadia,Urban,10575,0,0
19,337,North Twenty Four Parganas,Total,60705,0,0
19,337,North Twenty Four Parganas,Rural,14920,0,0
19,337,North Twenty Four Parganas,Urban,45785,0,0
19,338,Hugli,Total,26600,0,0
19,338,Hugli,Rural,10830,0,0
19,338,Hugli,Urban,15770,0,0
19,339,Bankura,Total,6836,0,0
19,339,Bankura,Rural,5988,0,0
19,339,Bankura,Urban,848,0,0
19,340,Puruliya,Total,4118,0,0
19,340,Puruliya,Rural,3311,0,0
19,340,Puruliya,Urban,807,0,0
19,341,Haora,Total,18163,0,0
19,341,Haora,Rural,4012,0,0
19,341,Haora,Urban,14151,0,0
19,342,Kolkata,Total,1255,0,0
19,342,Kolkata,Rural,0,0,0
19,342,Kolkata,Urban,1255,0,0
19,343,South Twenty Four Parganas,Total,26745,0,0
19,343,South Twenty Four Parganas,Rural,13326,0,0
19,343,South Twenty Four Parganas,Urban,13419,0,0
19,344,Paschim Medinipur,Total,10797,0,0
19,344,Paschim Medinipur,Rural,8113,0,0
19,344,Paschim Medinipur,Urban,2684,0,0
19,345,Purba Medinipur,Total,12052,0,0
19,345,Purba Medinipur,Rural,6293,0,0
19,345,Purba Medinipur,Urban,5759,0,0
